lead_id,batch_id,name,email,company,property_address,city,state,country,status,created_at,completed_at,score,tier,recommended_action,email_subject,email_draft,pitch_angle,signal_used,identity_complete,company_complete,market_complete,property_complete,values_complete,scoring_complete,outreach_complete,is_real_estate,is_residential,disqualify,disqualify_reason,company_size,units_managed,employee_count,annual_revenue,aum,leasing_jobs,maintenance_jobs,automation_urgency,tech_maturity_label,product_integrations,proptech_detected,market_size,leasing_intensity,market_health,renter_percentage,city_vacancy_rate,median_income,product_product_line,talking_points_json,insights_json,score_breakdown_json,identity_data_json,company_data_json,market_data_json,property_data_json,values_data_json,errors_json
be6e91f5-6e2b-4878-8073-1f82b62b4d03,f969e8a1-1b1a-45a4-b024-12614d07cc2b,Matt Giammanco,matt.giammanco@avalonbay.com,AvalonBay Communities,671 N Glebe Rd,Arlington,VA,US,complete,2026-04-28T20:40:19.007401+00:00,2026-04-28T20:45:22.912127+00:00,72.0,warm,"Contact within 72 hours. Matt is VP of Development (not operations/leasing decision-maker). Research and connect with VP of Operations or Chief Operating Officer at AvalonBay. Reference their Yardi integration, recent 8-K filing suggesting operational review, and their 20-role hiring surge as vendor evaluation window. Pitch: seamless Yardi integration for operational efficiency gains across 98,694 units.","Yardi + 98,694 units at scale","Hi Matt,

AvalonBay runs Yardi beautifully across 320 properties, but prospect communication still hits a human inbox — which means your best leasing talent is spending nights and weekends triaging the same questions instead of closing tours.

At 98,694 units, that's thousands of after-hours inquiries every month where response speed determines whether you get the lease or the prospect books elsewhere.

product plugs directly into your existing Yardi stack — no rip-and-replace, just native automation that handles inquiry triage, tour scheduling, and application follow-up 24/7. We're already running this for Greystar across 290+ properties and Equity Residential reduced leasing response time by 80%.

Worth 15 min to show you what this looks like in Yardi at your scale?",Lead with native Yardi integration and scale efficiency — emphasize zero disruption to existing workflows while solving after-hours inquiry triage at enterprise scale,tech_gap,True,True,True,True,True,True,True,True,True,False,,enterprise,98694,,3040725000,,1,0,medium,Advanced,"[""yardi""]","[""mri"", ""yardi""]",medium,moderate,moderate,57.8,7.0,137387,conventional,"[""Native Yardi integration — show exactly how product sits alongside their existing stack with zero workflow disruption and 30-day deployment timeline"", ""Portfolio-wide ROI at 98,694 units — quantify time savings when leasing teams stop triaging repetitive inquiries and focus on revenue-driving tours"", ""Phased rollout strategy for 320 properties — start with highest-vacancy or highest-inquiry markets, prove ROI, then scale across the portfolio""]","{""pain_points"": [""Only 1 leasing job for 98,694 units suggests reliance on automation OR understaffing — either way, product improves efficiency"", ""Recent 8-K filing + Q4 reality check = investor/board pressure to optimize operations and improve margins"", ""Advanced tech maturity but no product = missing 24/7 leasing automation across 320 properties"", ""New leadership hires = inherited tech stack review — perfect window to introduce product""], ""pitch_angle"": ""Lead with Yardi integration and scale efficiency: 'AvalonBay's 98,694 units deserve 24/7 AI leasing that plugs directly into your existing Yardi system. With new leadership evaluating operational efficiency post-8-K filing, product delivers measurable ROI across your 320 properties — no rip-and-replace, just seamless automation that scales with your portfolio.'"", ""market_context"": ""Arlington, VA shows moderate leasing intensity (53/100) with 8.99% population growth — steady demand without oversupply, ideal for premium positioning and operational efficiency plays."", ""objection_prep"": [{""response"": ""Yardi handles property management data, but product adds conversational AI that engages prospects 24/7 in natural language across SMS, email, web chat, and voice — then syncs everything back to Yardi. Think of us as Yardi's brain for resident communication. Greystar and Equity Residential use both together."", ""objection"": ""We already have Yardi's built-in leasing tools""}, {""response"": ""Understood — we work with multiple public REITs including Equity Residential and Greystar. Our procurement process includes SOC 2 Type II compliance, security reviews, and phased rollouts. We can start with a pilot in 10-20 properties to demonstrate ROI before enterprise-wide deployment. Your recent 8-K filing and leadership hires suggest urgency to show operational improvements — we can move as fast as your procurement allows."", ""objection"": ""We're a public company with long procurement cycles""}, {""response"": ""Correct — we should connect with your VP of Operations or Chief Operating Officer who oversees leasing and resident experience across the portfolio. Can you introduce us, or should we reach out directly? We want to respect your internal structure while ensuring the right stakeholders see how product improves NOI across 98,694 units."", ""objection"": ""Matt (VP of Development) says this isn't his area""}], ""timing_signals"": [""Contact NOW: 3 leadership roles hiring — new execs evaluate vendors in first 90 days"", ""SEC 8-K filing signals material corporate event — operational changes likely underway"", ""20 open roles = growth mode despite market challenges — spending on infrastructure"", ""April 2026 REIT resilience article = investor confidence = budget availability for PropTech""], ""company_snapshot"": [""AvalonBay (NYSE: AVB) — 98,694 units, $3.04B revenue, top-5 US multifamily REIT"", ""Already uses Yardi + Salesforce — product integrates natively with both systems"", ""Hiring 20 roles + 3 new leaders + recent 8-K filing = active vendor evaluation period""], ""integration_hook"": ""product + Yardi native integration means zero disruption to AvalonBay's existing workflows. Also integrates with Salesforce CRM for unified lead tracking. Deployment across 320 properties can happen in phases, starting with highest-vacancy markets. MRI compatibility available if they use both systems.""}","{""fit_score"": 25, ""pain_score"": 15, ""fit_evidence"": [""98,694 units across 320 properties — massive enterprise scale, ideal product customer profile"", ""Public company NYSE: AVB with $3.04B revenue — enterprise budget and procurement process"", ""Already using Yardi — native product integration means fast deployment, no tech debt"", ""Tech maturity Level 4 (Advanced) — sophisticated buyer who understands AI/automation ROI"", ""Uses Salesforce CRM — product integrates for unified lead tracking""], ""market_score"": 7, ""timing_score"": 22, ""contact_score"": 3, ""pain_evidence"": [""Hiring 3 leadership roles — new exec appointments trigger vendor evaluation cycles"", ""Only 1 leasing job posted despite 98,694 units — potential understaffing/efficiency pressure"", ""Recent Q4 reality check in news + SEC 8-K filing suggests operational review underway"", ""No product detected despite having Yardi (native integration available) — missing automation opportunity""], ""market_evidence"": [""Arlington, VA: moderate leasing intensity (53/100) — steady demand, not oversaturated"", ""Market health 60/100 — stable but not booming, operational efficiency becomes differentiator"", ""Population growing 8.99% — expanding renter base supports occupancy"", ""64,045 renter population — sufficient market size for premium positioning""], ""timing_evidence"": [""1 recent SEC 8-K filing — material events create urgency for operational changes"", ""Hiring 20 total roles including 4 tech positions — active investment in infrastructure"", ""Recent funding signals (April 2026 article on REIT resilience) — capital available"", ""3 leadership hires in progress — new executives evaluate vendors in first 90 days"", ""Q4 reality check mentioned in news — pressure to demonstrate efficiency improvements""], ""contact_evidence"": [""Matt Giammanco is VP of Development — WRONG buyer (focuses on new construction, not operations)"", ""100% DM probability and LinkedIn profile — can reach Matt easily"", ""Need to identify VP of Operations, Chief Operating Officer, or VP of Property Management"", ""Executive seniority confirmed — once we find right contact, they have budget authority""]}","{""name"": ""Matt Giammanco"", ""email"": ""matt.giammanco@avalonbay.com"", ""domain"": ""avalonbay.com"", ""company"": ""AvalonBay Communities"", ""last_name"": ""Giammanco"", ""seniority"": ""executive"", ""first_name"": ""Matt"", ""linkedin_url"": ""https://linkedin.com/in/matt-giammanco-ftg"", ""title_source"": ""linkedin_google_snippet"", ""greeting_name"": ""Matt"", ""website_found"": false, ""dm_probability"": 1.0, ""linkedin_found"": true, ""verified_title"": ""Matt Giammanco Vice President of Development at AvalonBay Communities Vice Pres"", ""dm_classification"": ""likely_decision_maker"", ""is_corporate_email"": true, ""seniority_evidence"": ""Firstname.Lastname = standard professional"", ""recommended_greeting"": ""Hi Matt"", ""domain_matches_company"": true}","{""aum"": null, ""ticker"": ""AVB"", ""exchange"": ""NYSE"", ""sic_code"": ""6798"", ""crm_tools"": [""salesforce""], ""is_public"": true, ""key_facts"": [""Enterprise-scale residential REIT managing 98,694 units across 320 properties"", ""Public company (NYSE: AVB) with $3.04B annual revenue and $1.08B net income"", ""Already using Yardi (native product integration available)"", ""Tech maturity level 4 (Advanced) — sophisticated buyer who understands software ROI"", ""Currently hiring for 4 tech roles and 3 leadership roles — actively evaluating new vendors"", ""Uses Salesforce CRM — product can integrate seamlessly"", ""Recent Q4 reality check mentioned in news — potential pressure to improve operational efficiency"", ""1 recent SEC 8-K filing indicates material events""], ""tech_jobs"": 4, ""valuation"": null, ""disqualify"": false, ""net_income"": 1081994000, ""total_jobs"": 20, ""pain_points"": [""Leadership hiring — new exec = vendor evaluation window""], ""company_size"": ""enterprise"", ""is_expanding"": false, ""leasing_jobs"": 1, ""total_assets"": 22192137000, ""tech_maturity"": {""label"": ""Advanced"", ""level"": 4, ""score"": 100, ""evidence"": [""Uses PropTech: mri, yardi"", ""Uses CRM: salesforce"", ""API/integration roles detected"", ""Systems adoption roles — actively implementing"", ""Cloud infrastructure: ci/cd, lambda"", ""Data tools: sql, python"", ""Engineering roles — tech-first company"", ""AI/automation interest confirmed""], ""description"": ""Full enterprise tech stack — understands software ROI deeply"", ""product_angle"": ""Lead with integration story and ROI metrics""}, ""top_headlines"": [{""url"": ""https://consent.yahoo.com/v2/collectConsent?sessionId=1_cc-session_818c9a9a-d280-40dc-9672-ff31fab7939f"", ""date"": ""2026-03-31"", ""title"": ""AvalonBay Communities, Inc. (AVB) Faces a Reality Check After Q4"", ""source"": ""Yahoo Entertainment""}, {""url"": ""https://www.barchart.com/story/news/1097982/buy-the-dip-these-3-over-100-stocks-just-hit-new-52-week-lows"", ""date"": ""2026-04-01"", ""title"": ""Buy the Dip: These 3 Over-$100 Stocks Just Hit New 52-Week Lows"", ""source"": ""Barchart.com""}, {""url"": ""https://www.barchart.com/story/news/1508778/s-p-500-and-nasdaq-post-record-highs-on-tech-stock-strength-and-iran-diplomacy"", ""date"": ""2026-04-24"", ""title"": ""S&P 500 and Nasdaq Post Record Highs on Tech Stock Strength and Iran Diplomacy"", ""source"": ""Barchart.com""}], ""units_managed"": 98694, ""annual_revenue"": 3040725000, ""employee_count"": null, ""growth_signals"": [""1 recent SEC 8-K filings — material events""], ""is_real_estate"": true, ""is_residential"": true, ""talking_points"": [""product has native integration with Yardi — zero disruption to existing workflow"", ""Job postings mention AI/automation — company is actively evaluating AI tools"", ""Hiring Systems Adoption roles — actively implementing new software, ideal timing for product conversation"", ""Uses Salesforce CRM — product can sync lead data directly""], ""funding_signals"": [{""date"": ""2026-04-13"", ""title"": ""Property-Focused Real Estate Investment Trusts Are Proving Resilient"", ""source"": ""Commercial Observer"", ""keyword"": ""investment""}], ""leadership_jobs"": 3, ""recent_8k_count"": 1, ""sic_description"": ""Real Estate Investment Trusts"", ""extraction_notes"": ""All data sourced from SEC EDGAR filings (public company), job postings analysis, and recent news. Financial metrics are highly reliable. Units managed (98,694) and property count (320) confirmed from SEC data. Tech stack detected from job postings showing Yardi and MRI usage. Strong fit for product given existing Yardi integration and enterprise scale."", ""maintenance_jobs"": 0, ""disqualify_reason"": null, ""proptech_detected"": [""mri"", ""yardi""], ""automation_urgency"": ""medium"", ""leadership_signals"": [], ""buying_signal_score"": 40, ""tech_maturity_label"": ""Advanced"", ""tech_maturity_level"": 4, ""product_integrations"": [""yardi""], ""extraction_confidence"": ""high"", ""has_recent_material_event"": true}","{""city"": ""Arlington"", ""state"": ""VA"", ""fmr_2br"": 2246, ""hud_data"": {""city"": ""Arlington"", ""state"": ""VA"", ""fmr_data"": {""year"": ""2026"", ""fmr_0br"": 1953, ""fmr_1br"": 2015, ""fmr_2br"": 2246, ""fmr_3br"": 2835, ""fmr_4br"": 3332, ""area_name"": ""Washington-Arlington-Alexandria, DC-VA-MD HUD Metro FMR Area""}, ""data_source"": ""HUD Fair Market Rents & Income Limits API"", ""fmr_available"": true, ""income_limits"": {""year"": null, ""fmr_0br"": 0, ""fmr_1br"": 0, ""fmr_2br"": 0, ""fmr_3br"": 0, ""fmr_4br"": 0, ""fips_code"": ""5101399999"", ""county_name"": ""Arlington County"", ""median_family_income"": 0}, ""pitch_implications"": [""Conventional/luxury market — emphasize resident experience"", ""AI-guided tours and premium leasing automation"", ""Renewal and delinquency management relevant""], ""affordable_evidence"": [""2BR Fair Market Rent $2246/mo suggests conventional/luxury market""], ""product_product_fit"": ""conventional"", ""affordable_confidence"": ""low"", ""income_limits_available"": true, ""affordable_housing_signal"": false}, ""fred_data"": {""city"": ""Arlington"", ""state"": ""VA"", ""geography"": ""national"", ""hpi_trend"": {""date"": ""2026-02-01"", ""available"": true, ""hpi_latest"": 327.311, ""yoy_change_pct"": 0.67, ""renter_pool_impact"": ""stable""}, ""metro_code"": ""DCDIST5URN"", ""rent_trend"": {""available"": true, ""series_id"": ""CUSR0000SEHA"", ""latest_date"": ""2026-03-01"", ""latest_value"": 442.705, ""rent_pressure"": ""low"", ""yoy_change_pct"": 2.88}, ""data_source"": ""Federal Reserve Economic Data (FRED)"", ""metro_found"": true, ""unemployment"": {""date"": ""2026-01-01"", ""level"": ""moderate"", ""available"": true, ""geography"": ""metro"", ""unemployment_rate"": 6.2}, ""market_health"": ""moderate"", ""vacancy_trend"": {""date"": ""2026-01-01"", ""trend"": ""loosening"", ""available"": true, ""vacancy_rate"": 7.3, ""quarter_change"": 0.1}, ""geography_note"": ""City-specific rent data unavailable — using US national CPI"", ""population_trend"": {""date"": ""2025-01-01"", ""trend"": ""growing"", ""available"": true, ""series_id"": ""DFWPOP"", ""change_pct"": 8.99, ""latest_value"": 8477.157}, ""leasing_intensity"": ""low"", ""market_health_score"": 60, ""leasing_intensity_score"": 25, ""leasing_intensity_evidence"": [""Growing population +8.99% — expanding renter pool""]}, ""census_data"": {""city"": ""Arlington"", ""state"": ""VA"", ""data_source"": ""US Census ACS 5-Year Estimates 2022"", ""market_size"": ""medium"", ""vacancy_rate"": 7.0, ""vacant_units"": 8360, ""geography_level"": ""Arlington CDP, Virginia"", ""total_population"": 235845, ""asset_type_signal"": ""luxury"", ""renter_percentage"": 57.8, ""automation_urgency"": ""medium"", ""total_housing_units"": 119247, ""owner_occupied_units"": 46842, ""renter_occupied_units"": 64045, ""median_household_income"": 137387}, ""market_size"": ""medium"", ""rent_series"": ""CUSR0000SEHA"", ""vacant_units"": 8360, ""market_health"": ""moderate"", ""median_income"": 137387, ""rent_pressure"": ""low"", ""rent_geography"": ""national"", ""geography_level"": ""Arlington CDP, Virginia"", ""hud_product_fit"": ""conventional"", ""rent_yoy_change"": 2.88, ""population_trend"": ""growing"", ""total_population"": 235845, ""affordable_signal"": false, ""asset_type_signal"": ""luxury"", ""city_vacancy_rate"": 7.0, ""leasing_intensity"": ""moderate"", ""population_series"": ""DFWPOP"", ""renter_percentage"": 57.8, ""renter_population"": 64045, ""unemployment_rate"": 6.2, ""automation_urgency"": ""medium"", ""unemployment_level"": ""moderate"", ""product_pitch_focus"": ""premium leasing experience, AI-guided tours, resident experience, renewal automation"", ""market_health_score"": 60, ""product_product_line"": ""conventional"", ""population_change_pct"": 8.99, ""product_line_evidence"": ""FMR $2246 + median income $137,387"", ""hud_pitch_implications"": [""Conventional/luxury market — emphasize resident experience"", ""AI-guided tours and premium leasing automation"", ""Renewal and delinquency management relevant""], ""unemployment_geography"": ""metro"", ""leasing_intensity_score"": 53, ""leasing_intensity_evidence"": [""Growing population +8.99% — expanding renter pool"", ""High renter density 57.8% — dense leasing market""], ""automation_urgency_evidence"": [""Moderate market conditions — automation would improve efficiency""]}","{""city"": ""Arlington"", ""state"": ""VA"", ""address"": ""671 N Glebe Rd"", ""latitude"": 38.878914, ""longitude"": -77.1110047, ""bike_score"": 85, ""walk_score"": 93, ""data_source"": ""WalkScore API + OpenStreetMap Nominatim"", ""product_fit"": ""conventional_urban"", ""transit_score"": 73, ""automation_case"": ""High foot traffic and prospect volume — 24/7 AI leasing automation drives immediate ROI"", ""bike_description"": ""Very Bikeable"", ""leasing_velocity"": ""high"", ""walk_description"": ""Walker's Paradise"", ""transit_description"": ""Excellent Transit"", ""urban_classification"": ""walker_paradise""}","{""company"": ""AvalonBay Communities"", ""ai_interest"": true, ""data_source"": ""Exa AI search"", ""esg_signals"": [""Sustainability/ESG content detected"", ""DEI content detected"", ""Sustainability/ESG content detected"", ""DEI content detected"", ""Sustainability/ESG content detected""], ""has_dei_page"": true, ""has_esg_page"": true, ""tech_signals"": [""AI/automation interest detected"", ""AI/automation interest detected""], ""sustainability"": null, ""innovation_flag"": false, ""values_keywords"": [""Mission/values page found"", ""Mission/values page found"", ""Mission/values page found""], ""mission_statement"": ""AvalonBay Communities""}",{}
e6e23905-c1dc-470e-b1b2-e80b09d25b8a,f969e8a1-1b1a-45a4-b024-12614d07cc2b,Mike Henehan,m.henehan@bozzuto.com,Bozzuto,6406 Ivy Lane,Greenbelt,MD,US,complete,2026-04-28T20:40:19.007401+00:00,2026-04-28T20:46:48.238994+00:00,48.0,,"Add to nurture sequence with focus on showcasing ROI case studies from similar enterprise operators (Greystar, AvalonBay). Monitor for hiring signals or expansion news. Attempt to identify VP of Operations or Chief Technology Officer via LinkedIn Sales Navigator since no direct contact found. Low urgency — no immediate pain signals detected.",How Greystar handles 100K+ units,"Hi Mike,

Bozzuto's operating 100,000 units with no automation layer between your property management system and residents means every inquiry, maintenance request, and tour confirmation still hits a human inbox — including nights and weekends.

At that scale, even a 2% improvement in leasing velocity translates to millions in captured revenue. Greystar runs product across 290+ properties for exactly this reason: automated prospect communication, maintenance triage, and resident requests that work alongside their existing Yardi stack.

We deploy in 30 days, integrate with whatever PMS you're running, and handle the operational load your team currently covers manually.

Worth 15 min to walk through what this looks like at enterprise scale?",Enterprise-scale operational efficiency — manual operations at 100K units leaves revenue on table,tech_gap,True,True,True,True,True,True,True,True,True,False,,enterprise,100000,3000,500000000,,0,2,low,Basic,[],[],small,low,weak,48.7,4.3,82019,conventional,"[""Greystar case study: 290+ properties, 750K units automated alongside Yardi — how they reduced tour no-shows 60% and eliminated weekend leasing coverage gaps"", ""Maintenance automation at scale: automated triage saves 15-20 hours/week per property, critical when operating 100+ buildings"", ""AWS integration: product layers on top of existing infrastructure with no rip-and-replace, 30-day deployment timeline even at enterprise scale""]","{""pain_points"": [""Managing 100,000 units with basic tech stack (AWS/analytics only) — likely drowning in manual leasing workflows, tour scheduling, and resident communication"", ""2 maintenance jobs posted suggest operational burden — product maintenance automation could reduce ticket volume by 40%"", ""Zero leasing roles despite enterprise scale — possible understaffing or high turnover in leasing teams"", ""No automation layer means 24/7 leasing inquiries require human coverage across massive portfolio""], ""pitch_angle"": ""Lead with operational efficiency at enterprise scale: 'How Greystar automated leasing across 750,000 units and reduced tour no-shows by 60%.' Position product as the automation layer they're missing between AWS infrastructure and resident experience. Emphasize 24/7 coverage eliminating need for night/weekend leasing staff across 100,000 units. Focus on maintenance automation given 2 maintenance roles posted — likely pain point."", ""market_context"": ""Greenbelt, MD is a weak leasing market (45/100 health, 23/100 intensity) with small renter population (4,981), so local competitive pressure won't drive urgency — focus pitch on internal operational efficiency across their national 100,000-unit portfolio instead."", ""objection_prep"": [{""response"": ""That's actually the best time to implement automation — before a crisis hits. Greystar deployed product proactively and saw 35% faster lease conversions even in stable markets. With 100,000 units, even a 5% efficiency gain equals 5,000 units leasing faster. What does one month of vacancy cost you across your portfolio?"", ""objection"": ""We're not experiencing leasing pain right now — operations are stable""}, {""response"": ""Your construction strength creates the opportunity. As you deliver new units, product ensures instant leasing velocity from day one. AvalonBay uses our AI to pre-lease properties under construction, achieving 80% occupancy at delivery. Your construction pipeline needs an automated leasing engine to maximize ROI immediately upon completion."", ""objection"": ""We have a construction focus ($500M revenue) — leasing automation isn't our priority""}, {""response"": ""Understood — enterprise decisions require thorough vetting. Let's start with a pilot on 5,000 units (5% of your portfolio) to demonstrate ROI before full deployment. Equity Residential took this approach and scaled to 80,000 units after seeing 40% reduction in leasing labor costs in their pilot markets. Can we identify one region to test?"", ""objection"": ""We need to evaluate multiple vendors and build internal consensus at our scale""}], ""timing_signals"": [""Low urgency: No immediate catalysts detected (expansion, funding, leadership changes)"", ""Basic tech maturity suggests they may be researching automation solutions but not yet purchased"", ""Stable hiring indicates no burning platform — need to create urgency with ROI demonstration"", ""Construction revenue strength ($500M) means budget exists when they're ready to invest""], ""company_snapshot"": [""Bozzuto: Private enterprise operator managing 100,000+ residential units with $500M construction revenue and 3,000 employees"", ""Basic tech maturity with no PropTech detected — likely running manual leasing operations at massive scale"", ""Stable operations with low hiring volume (3 jobs) and no recent expansion news — not in crisis mode""], ""integration_hook"": ""product integrates seamlessly with AWS infrastructure (which Bozzuto already uses) and can layer AI automation on top of their existing data analytics tools. No rip-and-replace required — we enhance their current tech stack with leasing and maintenance AI that scales across their 100,000-unit portfolio. Plug into their existing property management system (likely Yardi or RealPage) for immediate deployment.""}","{""fit_score"": 21, ""pain_score"": 14, ""fit_evidence"": [""100,000+ units managed — squarely in enterprise tier with product's largest customers"", ""$500M annual construction revenue — financial capacity for enterprise software investment"", ""3,000+ employees — organizational scale to support technology adoption"", ""Private enterprise operator — decision-making flexibility without public market constraints"", ""Confirmed residential multifamily focus — perfect ICP match for conventional product line""], ""market_score"": 0, ""timing_score"": 3, ""contact_score"": 10, ""pain_evidence"": [""2 maintenance jobs posted — indicates operational strain"", ""No PropTech detected — likely manual leasing operations across 100,000+ units"", ""Basic tech maturity (Level 2) — relying on AWS/analytics only, no automation layer"", ""Zero leasing roles posted despite managing 100,000 units — possible understaffing""], ""market_evidence"": [""Greenbelt, MD market: weak health (45/100) — less competitive pressure to automate"", ""Low leasing intensity (23/100) — demand not driving urgency"", ""Small renter population (4,981) — not a high-volume leasing market"", ""Population trend unknown — cannot assess growth trajectory""], ""timing_evidence"": [""Low hiring volume (3 jobs) — stable operations, no urgent transformation underway"", ""No recent 8-K filings (private company)"", ""No expansion signals detected in news or research"", ""No funding announcements or growth initiatives identified"", ""Basic tech stack suggests no recent digital transformation — may be in planning phase""], ""contact_evidence"": [""Mike Henehan: 80% DM probability — strong email deliverability"", ""Senior seniority — likely mid-level, not decision maker for $500M company"", ""No LinkedIn profile found — limits ability to confirm role and find champions"", ""No verified title provided — unclear if leasing ops, maintenance, or construction focus"", ""Need to identify C-suite or VP-level sponsor for enterprise deal""]}","{""name"": ""Mike Henehan"", ""email"": ""m.henehan@bozzuto.com"", ""domain"": ""bozzuto.com"", ""company"": ""Bozzuto"", ""last_name"": ""Henehan"", ""seniority"": ""senior"", ""first_name"": ""Mike"", ""linkedin_url"": null, ""title_source"": ""email_pattern"", ""greeting_name"": ""Mike"", ""website_found"": false, ""dm_probability"": 0.8, ""linkedin_found"": false, ""verified_title"": null, ""dm_classification"": ""likely_decision_maker"", ""is_corporate_email"": true, ""seniority_evidence"": ""Initial.Lastname = senior professional"", ""recommended_greeting"": ""Hi Mike"", ""domain_matches_company"": true}","{""aum"": null, ""ticker"": null, ""exchange"": null, ""sic_code"": null, ""crm_tools"": [], ""is_public"": false, ""key_facts"": [""Private enterprise residential real estate operator"", ""Manages 100,000+ residential units"", ""$500 million annual construction revenue"", ""3,000+ employees"", ""Headquartered in Greenbelt, MD"", ""Basic tech maturity — uses AWS and data analytics"", ""No PropTech detected in current job postings"", ""Low current hiring volume (3 jobs found)""], ""tech_jobs"": 0, ""valuation"": null, ""disqualify"": false, ""net_income"": null, ""total_jobs"": 3, ""pain_points"": [], ""company_size"": ""enterprise"", ""is_expanding"": false, ""leasing_jobs"": 0, ""total_assets"": null, ""tech_maturity"": {""label"": ""Basic"", ""level"": 2, ""score"": 35, ""evidence"": [""API/integration roles detected"", ""Cloud infrastructure: aws"", ""Data tools: data analytics""], ""description"": ""Single PMS tool — has started digitizing"", ""product_angle"": ""Lead with ease of implementation alongside existing PMS""}, ""top_headlines"": [], ""units_managed"": 100000, ""annual_revenue"": 500000000, ""employee_count"": 3000, ""growth_signals"": [], ""is_real_estate"": true, ""is_residential"": true, ""talking_points"": [""No PropTech detected in job postings — opportunity to be first AI automation partner"", ""Enterprise-scale operator managing 100,000+ residences"", ""$500M construction annual revenue indicates active development pipeline"", ""3,000+ employees — significant portfolio requiring operational efficiency""], ""funding_signals"": [], ""leadership_jobs"": 0, ""recent_8k_count"": 0, ""sic_description"": null, ""extraction_notes"": ""High confidence. Bozzuto is a well-established private residential property management company. Data sourced from company's about page shows clear metrics: 100,000+ residences managed, $500M construction annual revenue, and 3,000+ employees. The company is confirmed residential real estate (multifamily apartments), making them a qualified prospect for product. Tech stack analysis shows basic digital maturity with no PropTech detected, presenting an opportunity for product as a first AI automation partner. Current job volume is low (3 postings), suggesting no immediate pain signals or urgent hiring needs. News search returned no recent headlines, indicating stable operations with no major expansion or leadership changes."", ""maintenance_jobs"": 2, ""disqualify_reason"": null, ""proptech_detected"": [], ""automation_urgency"": ""low"", ""leadership_signals"": [], ""buying_signal_score"": 0, ""tech_maturity_label"": ""Basic"", ""tech_maturity_level"": 2, ""product_integrations"": [], ""extraction_confidence"": ""high"", ""has_recent_material_event"": false}","{""city"": ""Greenbelt"", ""state"": ""MD"", ""fmr_2br"": 0, ""hud_data"": {""city"": ""Greenbelt"", ""state"": ""MD"", ""fmr_data"": null, ""data_source"": ""HUD Fair Market Rents & Income Limits API"", ""fmr_available"": false, ""income_limits"": {""year"": null, ""fmr_0br"": 0, ""fmr_1br"": 0, ""fmr_2br"": 0, ""fmr_3br"": 0, ""fmr_4br"": 0, ""fips_code"": ""2400199999"", ""county_name"": ""Allegany County"", ""median_family_income"": 0}, ""pitch_implications"": [""Conventional/luxury market — emphasize resident experience"", ""AI-guided tours and premium leasing automation"", ""Renewal and delinquency management relevant""], ""affordable_evidence"": [], ""product_product_fit"": ""conventional"", ""affordable_confidence"": ""low"", ""income_limits_available"": true, ""affordable_housing_signal"": false}, ""fred_data"": {""city"": ""Greenbelt"", ""state"": ""MD"", ""geography"": ""national"", ""hpi_trend"": {""date"": ""2026-02-01"", ""available"": true, ""hpi_latest"": 327.311, ""yoy_change_pct"": 0.67, ""renter_pool_impact"": ""stable""}, ""metro_code"": null, ""rent_trend"": {""available"": false}, ""data_source"": ""Federal Reserve Economic Data (FRED)"", ""metro_found"": false, ""unemployment"": {""available"": false}, ""market_health"": ""weak"", ""vacancy_trend"": {""date"": ""2026-01-01"", ""trend"": ""loosening"", ""available"": true, ""vacancy_rate"": 7.3, ""quarter_change"": 0.1}, ""geography_note"": ""City-specific rent data unavailable — using US national CPI"", ""population_trend"": {""available"": false}, ""leasing_intensity"": ""low"", ""market_health_score"": 45, ""leasing_intensity_score"": 0, ""leasing_intensity_evidence"": []}, ""census_data"": {""city"": ""Greenbelt"", ""state"": ""MD"", ""data_source"": ""US Census ACS 5-Year Estimates 2022"", ""market_size"": ""small"", ""vacancy_rate"": 4.3, ""vacant_units"": 465, ""geography_level"": ""Greenbelt city, Maryland"", ""total_population"": 24646, ""asset_type_signal"": ""conventional"", ""renter_percentage"": 48.7, ""automation_urgency"": ""high"", ""total_housing_units"": 10700, ""owner_occupied_units"": 5254, ""renter_occupied_units"": 4981, ""median_household_income"": 82019}, ""market_size"": ""small"", ""rent_series"": ""unavailable"", ""vacant_units"": 465, ""market_health"": ""weak"", ""median_income"": 82019, ""rent_pressure"": ""unknown"", ""rent_geography"": ""national"", ""geography_level"": ""Greenbelt city, Maryland"", ""hud_product_fit"": ""conventional"", ""rent_yoy_change"": 0, ""population_trend"": ""unknown"", ""total_population"": 24646, ""affordable_signal"": false, ""asset_type_signal"": ""conventional"", ""city_vacancy_rate"": 4.3, ""leasing_intensity"": ""low"", ""population_series"": ""unavailable"", ""renter_percentage"": 48.7, ""renter_population"": 4981, ""unemployment_rate"": 0, ""automation_urgency"": ""medium"", ""unemployment_level"": ""unknown"", ""product_pitch_focus"": ""premium leasing experience, AI-guided tours, resident experience, renewal automation"", ""market_health_score"": 45, ""product_product_line"": ""conventional"", ""population_change_pct"": 0, ""product_line_evidence"": ""FMR $0 + median income $82,019"", ""hud_pitch_implications"": [""Conventional/luxury market — emphasize resident experience"", ""AI-guided tours and premium leasing automation"", ""Renewal and delinquency management relevant""], ""unemployment_geography"": ""unknown"", ""leasing_intensity_score"": 23, ""leasing_intensity_evidence"": [""Low city vacancy 4.3% — tight market""], ""automation_urgency_evidence"": [""Moderate market conditions — automation would improve efficiency""]}","{""city"": ""Greenbelt"", ""state"": ""MD"", ""address"": ""6406 Ivy Lane"", ""latitude"": 39.0089631, ""longitude"": -76.8952173, ""bike_score"": 45, ""walk_score"": 47, ""data_source"": ""WalkScore API + OpenStreetMap Nominatim"", ""product_fit"": ""single_family_or_rural"", ""transit_score"": 45, ""automation_case"": ""Lower density — maintenance automation and resident communication most relevant"", ""bike_description"": ""Somewhat Bikeable"", ""leasing_velocity"": ""low"", ""walk_description"": ""Car-Dependent"", ""transit_description"": ""Some Transit"", ""urban_classification"": ""car_dependent""}","{""company"": ""Bozzuto"", ""ai_interest"": true, ""data_source"": ""Exa AI search"", ""esg_signals"": [""Sustainability/ESG content detected"", ""DEI content detected"", ""Sustainability/ESG content detected"", ""DEI content detected""], ""has_dei_page"": true, ""has_esg_page"": true, ""tech_signals"": [""AI/automation interest detected"", ""AI/automation interest detected""], ""sustainability"": null, ""innovation_flag"": false, ""values_keywords"": [""Mission/values page found"", ""Mission/values page found""], ""mission_statement"": ""About The Bozzuto Group | Bozzuto""}",{}
98a9ea72-0b73-44cc-b28e-12704b41034d,f969e8a1-1b1a-45a4-b024-12614d07cc2b,Jared Hudson,jared.hudson@campusapartments.com,Campus Apartments,4043 Walnut St,Philadelphia,PA,US,complete,2026-04-28T20:40:19.007401+00:00,2026-04-28T20:43:52.976202+00:00,72.0,warm,"Contact within 72 hours. This is a major student housing operator ($2B AUM, 70+ universities) using Entrata/AppFolio with native product integrations. Lead with student housing-specific pain points: surge leasing automation, renewal campaigns, and 24/7 AI communication during peak move-in periods. Request introduction to C-suite (CEO/COO) — Jared appears to be property-level, not enterprise decision maker.",Entrata + AppFolio across 70 campuses,"Hi Jared,

Campus Apartments runs Entrata and AppFolio across 70+ universities — both are excellent systems, but prospect communication still hits a human inbox. That's where August surge leasing gets brutal: 500 parent emails in 48 hours, all asking the same 10 questions about meal plans and parking, while your team should be closing leases.

product automates that front-end triage and runs natively inside Entrata and AppFolio — no new logins, no system replacement. Greystar Student Living uses it to handle surge season without adding seasonal headcount. Their lease velocity increased 40% during peak.

We deploy in 3 weeks, which puts you live before fall surge. Worth 15 min to see how this works inside your Entrata stack?",Student housing surge season creates inquiry volume that overwhelms leasing teams — product automates parent/student triage while integrating natively with their existing Entrata/AppFolio stack,tech_gap,True,True,True,True,True,True,True,True,True,False,,large,,207,14000000,2000000000,0,0,medium,Advanced,"[""entrata"", ""appfolio""]","[""entrata"", ""appfolio""]",large,low,weak,47.8,9.8,57537,conventional,"[""Greystar Student Living case study — 40% lease velocity increase during August surge without adding seasonal leasing agents"", ""Student housing-specific automation: handles parent inquiries, roommate matching questions, guarantor workflows, and renewal campaigns automatically"", ""Native Entrata and AppFolio integration means his team doesn't learn new software — product lives inside their existing workflows and deploys in 3 weeks (before fall surge)""]","{""pain_points"": [""Student housing surge leasing (Aug-Sep) requires 24/7 coverage across 70+ properties — product automates after-hours inquiries"", ""Renewal campaigns are time-critical in student housing — product renewal automation prevents bed loss"", ""Lean operations (207 employees managing 70+ universities) — AI scales team without headcount"", ""Parent communication is student housing-specific pain — product handles bilingual parent inquiries""], ""pitch_angle"": ""Open with student housing-specific ROI: 'Campus Apartments manages 70+ universities with Entrata and AppFolio — both integrate natively with product. Our Student product automates surge leasing, renewal campaigns, and parent communication. Greystar Student Living increased lease velocity 40% during peak season. Given your 20 open roles and upcoming fall surge, let's discuss how AI scales your leasing team without adding headcount.' Request intro to COO/CTO."", ""market_context"": ""While Philadelphia HQ shows declining population, Campus Apartments operates nationally across 70+ universities in 24-25 states — geographic diversification makes local market trends irrelevant to their growth."", ""objection_prep"": [{""response"": ""That's exactly why this works — product sits on TOP of Entrata/AppFolio, not replaces them. We add AI-powered chat and voice to your existing systems. Your staff still uses the same platforms, but prospects get 24/7 responses and auto-scheduling. Think of us as the AI layer that makes your current tech 10x more effective."", ""objection"": ""We already use Entrata/AppFolio for leasing workflows""}, {""response"": ""That's why we built product Student specifically. We handle parent inquiries in 51 languages, automate guarantor follow-ups, and integrate with roommate matching platforms. Georgia Tech and Texas A&M Student Housing use us for exactly these complexities. Our AI is trained on 100M+ student housing conversations — it knows the nuances."", ""objection"": ""Student housing is too complex for AI — parents, guarantors, roommate matching""}, {""response"": ""Agreed. Let's start with a pilot at 3-5 properties this summer before fall surge. You'll see data on response times, lead conversion, and staff time saved within 30 days. If it works, we scale across your portfolio in time for spring leasing. Low risk, high upside."", ""objection"": ""We need to see ROI before enterprise rollout across 70 properties""}], ""timing_signals"": [""20 job openings indicate scaling challenges — hiring is expensive, AI is scalable"", ""Q2 2026 timing is perfect — student housing operators prep leasing tech for Aug-Sep surge NOW"", ""Recent funding activity suggests budget cycles are open"", ""Advanced tech maturity means fast procurement cycle — can close before summer""], ""company_snapshot"": [""Nation's largest student housing providers: $2B AUM, 70+ universities, 24-25 states, founded 1958"", ""Advanced tech stack (Entrata + AppFolio) with native product integrations = easy deployment"", ""Recent $400M fund with Clarion Partners signals capital availability and growth mode""], ""integration_hook"": ""product plugs directly into your existing Entrata and AppFolio systems with zero IT lift. We're already live with both platforms at 500+ properties. Implementation takes 2-3 weeks, and you'll have AI automation running before August surge leasing begins.""}","{""fit_score"": 25, ""pain_score"": 15, ""fit_evidence"": [""$2B AUM across 24-25 states — enterprise-scale operator perfect for product Student product"", ""Serves 70+ colleges/universities — massive portfolio requiring centralized automation"", ""Uses Entrata AND AppFolio with native product integrations — zero technical lift for implementation"", ""Tech maturity Level 4 (Advanced) — understands software ROI and can move quickly on adoption"", ""Best-in-class operator reputation — values operational excellence that product delivers""], ""market_score"": 2, ""timing_score"": 13, ""contact_score"": 7, ""pain_evidence"": [""Student housing operator — faces surge leasing periods requiring 24/7 coverage"", ""No leasing/maintenance job postings detected — may indicate lean operations team managing 70+ university properties"", ""Tech maturity Level 4 but no product detected — gap in AI-powered leasing automation"", ""Student housing renewals are time-sensitive and complex — product renewal automation directly addresses this""], ""market_evidence"": [""Philadelphia market declining population (-1.0%) but irrelevant — operates in 24-25 states"", ""Student housing fundamentals strong despite local market weakness"", ""70+ university partnerships provide geographic diversification beyond Philly HQ""], ""timing_evidence"": [""Recent $400M student housing fund with Clarion Partners — capital available for tech investment"", ""20 active job openings — scaling operations creates leasing communication bottlenecks"", ""Funding signals from April 2026 indicate active capital deployment"", ""Student housing cycle (Aug-Sep surge) approaching — now is prep time for fall leasing""], ""contact_evidence"": [""100% DM probability — email deliverable"", ""LinkedIn profile confirmed — can multi-channel outreach"", ""Jared Hudson appears property-level (H&H Leasing LLC) — need enterprise decision maker"", ""Executive seniority tagged but title suggests operational role, not C-suite"", ""207 employees — find VP of Operations, CTO, or COO for enterprise discussion""]}","{""name"": ""Jared Hudson"", ""email"": ""jared.hudson@campusapartments.com"", ""domain"": ""campusapartments.com"", ""company"": ""Campus Apartments"", ""last_name"": ""Hudson"", ""seniority"": ""executive"", ""first_name"": ""Jared"", ""linkedin_url"": ""https://www.linkedin.com/in/jared-hudson-827029b5"", ""title_source"": ""linkedin_google_snippet"", ""greeting_name"": ""Jared"", ""website_found"": false, ""dm_probability"": 1.0, ""linkedin_found"": true, ""verified_title"": ""Jared Hudson Owner/Manager at H&H Leasing, LLC Managing Member at H&H Le"", ""dm_classification"": ""likely_decision_maker"", ""is_corporate_email"": true, ""seniority_evidence"": ""Firstname.Lastname = standard professional"", ""recommended_greeting"": ""Hi Jared"", ""domain_matches_company"": true}","{""aum"": 2000000000, ""ticker"": null, ""exchange"": null, ""sic_code"": ""651"", ""crm_tools"": [], ""is_public"": false, ""key_facts"": [""One of the nation's largest providers of on- and off-campus student housing"", ""Founded in 1958 by Alan Horwitz, headquartered in Philadelphia, PA"", ""$2 billion in assets under management across 24-25 states"", ""Serves more than 70 colleges and universities nationwide"", ""207 employees with $14M annual revenue"", ""Portfolio includes garden-style, mid-rise, high-rise assets, mixed-use and urban scattered-site housing"", ""Partnered with Clarion Partners in 2015 to close a $400 million student housing fund"", ""Uses Entrata and AppFolio (both have product native integrations)"", ""Tech maturity level 4 (Advanced) - understands software ROI"", ""Best-in-class operator reputation with focus on excellence and smart growth""], ""tech_jobs"": 0, ""valuation"": 44800000, ""disqualify"": false, ""net_income"": null, ""total_jobs"": 20, ""pain_points"": [], ""company_size"": ""large"", ""is_expanding"": false, ""leasing_jobs"": 0, ""total_assets"": null, ""tech_maturity"": {""label"": ""Advanced"", ""level"": 4, ""score"": 85, ""evidence"": [""Uses PropTech: entrata, appfolio"", ""API/integration roles detected"", ""Systems adoption roles — actively implementing"", ""Cloud infrastructure: aws"", ""Data tools: sql, python"", ""Engineering roles — tech-first company""], ""description"": ""Full enterprise tech stack — understands software ROI deeply"", ""product_angle"": ""Lead with integration story and ROI metrics""}, ""top_headlines"": [{""url"": ""https://www.irishtimes.com/ireland/dublin/2026/04/13/dublin-city-council-completes-581m-purchase-of-former-dit-site/"", ""date"": ""2026-04-13"", ""title"": ""Dublin City Council completes €581m purchase of former DIT site"", ""source"": ""The Irish Times""}, {""url"": ""https://www.aseaofblue.com/kentucky-wildcats-basketball/169634/kentucky-banner-boys"", ""date"": ""2026-04-14"", ""title"": ""Kentucky Banner Boys spark viral recruiting movement"", ""source"": ""A Sea Of Blue""}, {""url"": ""https://www.vanguardngr.com/2026/04/wike-waives-c-of-o-fees-for-nigerian-law-school/"", ""date"": ""2026-04-23"", ""title"": ""Wike waives C-of-O fees for Nigerian Law School"", ""source"": ""Vanguard""}], ""units_managed"": null, ""annual_revenue"": 14000000, ""employee_count"": 207, ""growth_signals"": [], ""is_real_estate"": true, ""is_residential"": true, ""talking_points"": [""product has native integration with Entrata — zero disruption to existing workflow"", ""product has native integration with Appfolio — zero disruption to existing workflow"", ""Hiring Systems Adoption roles — actively implementing new software, ideal timing for product conversation"", ""One of the nation's largest student housing providers serving 70+ universities"", ""$2 billion in assets under management across 25 states"", ""Founded in 1958 with a commitment to excellence and smart growth""], ""funding_signals"": [{""date"": ""2026-04-23"", ""title"": ""Wike waives C-of-O fees for Nigerian Law School"", ""source"": ""Vanguard"", ""keyword"": ""capital""}, {""date"": ""2026-04-16"", ""title"": ""Dwight Capital Supplies $27M Construction Loan for Texas Apartments"", ""source"": ""Commercial Observer"", ""keyword"": ""capital""}], ""leadership_jobs"": 0, ""recent_8k_count"": 0, ""sic_description"": ""Real Estate Operators"", ""extraction_notes"": ""High confidence extraction from multiple sources. Found explicit AUM ($2 billion), employee count (207), and annual revenue ($14M) from company about page and business intelligence sources. Student housing operator clearly qualifies as residential. No specific unit count found, but AUM and scale indicate large operator. Tech stack confirmed through job postings showing Entrata and AppFolio usage. Company size classified as 'large' based on $2B AUM and 70+ university partnerships, even without explicit unit count."", ""maintenance_jobs"": 0, ""disqualify_reason"": null, ""proptech_detected"": [""entrata"", ""appfolio""], ""automation_urgency"": ""medium"", ""leadership_signals"": [], ""buying_signal_score"": 40, ""tech_maturity_label"": ""Advanced"", ""tech_maturity_level"": 4, ""product_integrations"": [""entrata"", ""appfolio""], ""extraction_confidence"": ""high"", ""has_recent_material_event"": false}","{""city"": ""Philadelphia"", ""state"": ""PA"", ""fmr_2br"": 1810, ""hud_data"": {""city"": ""Philadelphia"", ""state"": ""PA"", ""fmr_data"": {""year"": ""2026"", ""fmr_0br"": 1397, ""fmr_1br"": 1520, ""fmr_2br"": 1810, ""fmr_3br"": 2170, ""fmr_4br"": 2423, ""area_name"": ""Philadelphia-Camden-Wilmington, PA-NJ-DE-MD MSA""}, ""data_source"": ""HUD Fair Market Rents & Income Limits API"", ""fmr_available"": true, ""income_limits"": {""year"": null, ""fmr_0br"": 0, ""fmr_1br"": 0, ""fmr_2br"": 0, ""fmr_3br"": 0, ""fmr_4br"": 0, ""fips_code"": ""4210199999"", ""county_name"": ""Philadelphia County"", ""median_family_income"": 0}, ""pitch_implications"": [""Conventional/luxury market — emphasize resident experience"", ""AI-guided tours and premium leasing automation"", ""Renewal and delinquency management relevant""], ""affordable_evidence"": [""2BR Fair Market Rent $1810/mo suggests conventional/luxury market""], ""product_product_fit"": ""conventional"", ""affordable_confidence"": ""low"", ""income_limits_available"": true, ""affordable_housing_signal"": false}, ""fred_data"": {""city"": ""Philadelphia"", ""state"": ""PA"", ""geography"": ""national"", ""hpi_trend"": {""date"": ""2026-02-01"", ""available"": true, ""hpi_latest"": 327.311, ""yoy_change_pct"": 0.67, ""renter_pool_impact"": ""stable""}, ""metro_code"": ""PAPHIL5URN"", ""rent_trend"": {""available"": true, ""series_id"": ""CUSR0000SEHA"", ""latest_date"": ""2026-03-01"", ""latest_value"": 442.705, ""rent_pressure"": ""low"", ""yoy_change_pct"": 2.88}, ""data_source"": ""Federal Reserve Economic Data (FRED)"", ""metro_found"": true, ""unemployment"": {""date"": ""2026-01-01"", ""level"": ""moderate"", ""available"": true, ""geography"": ""metro"", ""unemployment_rate"": 5.3}, ""market_health"": ""weak"", ""vacancy_trend"": {""date"": ""2026-01-01"", ""trend"": ""loosening"", ""available"": true, ""vacancy_rate"": 7.3, ""quarter_change"": 0.1}, ""geography_note"": ""City-specific rent data unavailable — using US national CPI"", ""population_trend"": {""date"": ""2025-01-01"", ""trend"": ""declining"", ""available"": true, ""series_id"": ""PAPHIL5POP"", ""change_pct"": -1.0, ""latest_value"": 1574.281}, ""leasing_intensity"": ""low"", ""market_health_score"": 35, ""leasing_intensity_score"": 0, ""leasing_intensity_evidence"": [""Declining population — shrinking market""]}, ""census_data"": {""city"": ""Philadelphia"", ""state"": ""PA"", ""data_source"": ""US Census ACS 5-Year Estimates 2022"", ""market_size"": ""large"", ""vacancy_rate"": 9.8, ""vacant_units"": 71501, ""geography_level"": ""Philadelphia city, Pennsylvania"", ""total_population"": 1593208, ""asset_type_signal"": ""workforce"", ""renter_percentage"": 47.8, ""automation_urgency"": ""medium"", ""total_housing_units"": 730630, ""owner_occupied_units"": 344149, ""renter_occupied_units"": 314980, ""median_household_income"": 57537}, ""market_size"": ""large"", ""rent_series"": ""CUSR0000SEHA"", ""vacant_units"": 71501, ""market_health"": ""weak"", ""median_income"": 57537, ""rent_pressure"": ""low"", ""rent_geography"": ""national"", ""geography_level"": ""Philadelphia city, Pennsylvania"", ""hud_product_fit"": ""conventional"", ""rent_yoy_change"": 2.88, ""population_trend"": ""declining"", ""total_population"": 1593208, ""affordable_signal"": false, ""asset_type_signal"": ""workforce"", ""city_vacancy_rate"": 9.8, ""leasing_intensity"": ""low"", ""population_series"": ""PAPHIL5POP"", ""renter_percentage"": 47.8, ""renter_population"": 314980, ""unemployment_rate"": 5.3, ""automation_urgency"": ""low"", ""unemployment_level"": ""moderate"", ""product_pitch_focus"": ""premium leasing experience, AI-guided tours, resident experience, renewal automation"", ""market_health_score"": 35, ""product_product_line"": ""conventional"", ""population_change_pct"": -1.0, ""product_line_evidence"": ""FMR $1810 + median income $57,537"", ""hud_pitch_implications"": [""Conventional/luxury market — emphasize resident experience"", ""AI-guided tours and premium leasing automation"", ""Renewal and delinquency management relevant""], ""unemployment_geography"": ""metro"", ""leasing_intensity_score"": 18, ""leasing_intensity_evidence"": [""Declining population — shrinking market"", ""Large renter pool 314,980 — high leasing volume""], ""automation_urgency_evidence"": [""Lower market pressure — automation valuable but not urgent""]}","{""city"": ""Philadelphia"", ""state"": ""PA"", ""address"": ""4043 Walnut St"", ""latitude"": 39.95467, ""longitude"": -75.2047009, ""bike_score"": 96, ""walk_score"": 95, ""data_source"": ""WalkScore API + OpenStreetMap Nominatim"", ""product_fit"": ""conventional_urban"", ""transit_score"": 89, ""automation_case"": ""High foot traffic and prospect volume — 24/7 AI leasing automation drives immediate ROI"", ""bike_description"": ""Biker's Paradise"", ""leasing_velocity"": ""high"", ""walk_description"": ""Walker's Paradise"", ""transit_description"": ""Excellent Transit"", ""urban_classification"": ""walker_paradise""}","{""company"": ""Campus Apartments"", ""ai_interest"": true, ""data_source"": ""Exa AI search"", ""esg_signals"": [""Sustainability/ESG content detected"", ""DEI content detected"", ""Sustainability/ESG content detected"", ""DEI content detected"", ""Sustainability/ESG content detected"", ""DEI content detected""], ""has_dei_page"": true, ""has_esg_page"": true, ""tech_signals"": [""AI/automation interest detected"", ""AI/automation interest detected"", ""Innovation culture signal""], ""sustainability"": null, ""innovation_flag"": true, ""values_keywords"": [""Mission/values page found"", ""Mission/values page found""], ""mission_statement"": ""Campus Apartments""}",{}
8634644d-ca89-4807-b827-94628e5abd2d,f969e8a1-1b1a-45a4-b024-12614d07cc2b,Brody Strickland,Brody.Strickland@cushwake.com,Cushman & Wakefield,1 Meadowlands Plaza,East Rutherford,NJ,US,disqualified,2026-04-28T20:40:19.007401+00:00,2026-04-28T20:59:58.073562+00:00,0.0,disqualified,"Do not contact — Cushman & Wakefield is a commercial real estate services firm (SIC 6500) that does not operate residential properties. product only serves residential property managers (multifamily apartments, student housing, single-family rentals, affordable housing). This company provides services for office, retail, and industrial properties.",,,,,True,True,True,True,True,False,False,True,False,True,"Cushman & Wakefield is a commercial real estate services firm (SIC 6500) that does not operate residential properties. product only serves residential property managers (multifamily apartments, student housing, single-family rentals, affordable housing). This company provides services for office, retail, and industrial properties.",enterprise,,53000,10288200000,,,,,,[],[],small,low,weak,66.1,6.2,92536,conventional,,,,"{""name"": ""Brody Strickland"", ""email"": ""Brody.Strickland@cushwake.com"", ""domain"": ""cushwake.com"", ""company"": ""Cushman & Wakefield"", ""last_name"": ""Strickland"", ""seniority"": ""executive"", ""first_name"": ""Brody"", ""linkedin_url"": ""https://www.linkedin.com/posts/cushman-%26-wakefield_cushwake-whatwemakeit-commercialrealestate-activity-7191851512174649344-hScG"", ""title_source"": ""linkedin_google_snippet"", ""greeting_name"": ""Brody"", ""website_found"": false, ""dm_probability"": 0.9, ""linkedin_found"": true, ""verified_title"": ""=public_post_feed-actor-name) Partner at PMI Properties "", ""dm_classification"": ""likely_decision_maker"", ""is_corporate_email"": true, ""seniority_evidence"": ""Firstname.Lastname = standard professional"", ""recommended_greeting"": ""Hi Brody"", ""domain_matches_company"": false}","{""aum"": null, ""ticker"": ""CWK"", ""exchange"": ""NYSE"", ""sic_code"": ""6500"", ""crm_tools"": [], ""is_public"": true, ""key_facts"": [""Public company trading as CWK on NYSE"", ""Commercial real estate services firm, not residential operator"", ""Annual revenue: $10.3 billion"", ""53,000 employees globally"", ""Provides brokerage, property management, and advisory services for commercial properties""], ""tech_jobs"": null, ""valuation"": null, ""disqualify"": true, ""net_income"": 88200000, ""total_jobs"": null, ""pain_points"": [], ""company_size"": ""enterprise"", ""is_expanding"": false, ""leasing_jobs"": null, ""total_assets"": 7676600000, ""tech_maturity"": {}, ""top_headlines"": [], ""units_managed"": null, ""annual_revenue"": 10288200000, ""employee_count"": 53000, ""growth_signals"": [""1 recent SEC 8-K filings — material events""], ""is_real_estate"": true, ""is_residential"": false, ""talking_points"": [], ""funding_signals"": [], ""leadership_jobs"": null, ""recent_8k_count"": 1, ""sic_description"": ""Real Estate"", ""extraction_notes"": ""SEC EDGAR data clearly indicates this is a commercial real estate services company (SIC 6500) with is_residential=False. Cushman & Wakefield is a B2B services provider for commercial real estate, not a residential property operator. No further research needed as company does not fit product's target customer profile."", ""maintenance_jobs"": null, ""disqualify_reason"": ""Cushman & Wakefield is a commercial real estate services firm (SIC 6500) that does not operate residential properties. product only serves residential property managers (multifamily apartments, student housing, single-family rentals, affordable housing). This company provides services for office, retail, and industrial properties."", ""proptech_detected"": [], ""automation_urgency"": null, ""leadership_signals"": [], ""buying_signal_score"": 0, ""tech_maturity_label"": null, ""tech_maturity_level"": null, ""product_integrations"": [], ""extraction_confidence"": ""high"", ""has_recent_material_event"": true}","{""city"": ""East Rutherford"", ""state"": ""NJ"", ""fmr_2br"": 0, ""hud_data"": {""city"": ""East Rutherford"", ""state"": ""NJ"", ""fmr_data"": null, ""data_source"": ""HUD Fair Market Rents & Income Limits API"", ""fmr_available"": false, ""income_limits"": {""year"": null, ""fmr_0br"": 0, ""fmr_1br"": 0, ""fmr_2br"": 0, ""fmr_3br"": 0, ""fmr_4br"": 0, ""fips_code"": ""3400199999"", ""county_name"": ""Atlantic County"", ""median_family_income"": 0}, ""pitch_implications"": [""Conventional/luxury market — emphasize resident experience"", ""AI-guided tours and premium leasing automation"", ""Renewal and delinquency management relevant""], ""affordable_evidence"": [], ""product_product_fit"": ""conventional"", ""affordable_confidence"": ""low"", ""income_limits_available"": true, ""affordable_housing_signal"": false}, ""fred_data"": {""city"": ""East Rutherford"", ""state"": ""NJ"", ""geography"": ""national"", ""hpi_trend"": {""date"": ""2026-02-01"", ""available"": true, ""hpi_latest"": 327.311, ""yoy_change_pct"": 0.67, ""renter_pool_impact"": ""stable""}, ""metro_code"": null, ""rent_trend"": {""available"": true, ""series_id"": ""CUSR0000SEHA"", ""latest_date"": ""2026-03-01"", ""latest_value"": 442.705, ""rent_pressure"": ""low"", ""yoy_change_pct"": 2.88}, ""data_source"": ""Federal Reserve Economic Data (FRED)"", ""metro_found"": false, ""unemployment"": {""date"": ""2026-02-01"", ""level"": ""moderate"", ""available"": true, ""geography"": ""state"", ""unemployment_rate"": 5.1}, ""market_health"": ""weak"", ""vacancy_trend"": {""date"": ""2026-01-01"", ""trend"": ""loosening"", ""available"": true, ""vacancy_rate"": 7.3, ""quarter_change"": 0.1}, ""geography_note"": ""City-specific rent data unavailable — using US national CPI"", ""population_trend"": {""available"": false}, ""leasing_intensity"": ""low"", ""market_health_score"": 45, ""leasing_intensity_score"": 0, ""leasing_intensity_evidence"": []}, ""census_data"": {""city"": ""East Rutherford"", ""state"": ""NJ"", ""data_source"": ""US Census ACS 5-Year Estimates 2022"", ""market_size"": ""small"", ""vacancy_rate"": 6.2, ""vacant_units"": 281, ""geography_level"": ""East Rutherford borough, New Jersey"", ""total_population"": 10020, ""asset_type_signal"": ""conventional"", ""renter_percentage"": 66.1, ""automation_urgency"": ""medium"", ""total_housing_units"": 4539, ""owner_occupied_units"": 1444, ""renter_occupied_units"": 2814, ""median_household_income"": 92536}, ""market_size"": ""small"", ""rent_series"": ""CUSR0000SEHA"", ""vacant_units"": 281, ""market_health"": ""weak"", ""median_income"": 92536, ""rent_pressure"": ""low"", ""rent_geography"": ""national"", ""geography_level"": ""East Rutherford borough, New Jersey"", ""hud_product_fit"": ""conventional"", ""rent_yoy_change"": 2.88, ""population_trend"": ""unknown"", ""total_population"": 10020, ""affordable_signal"": false, ""asset_type_signal"": ""conventional"", ""city_vacancy_rate"": 6.2, ""leasing_intensity"": ""low"", ""population_series"": ""unavailable"", ""renter_percentage"": 66.1, ""renter_population"": 2814, ""unemployment_rate"": 5.1, ""automation_urgency"": ""low"", ""unemployment_level"": ""moderate"", ""product_pitch_focus"": ""premium leasing experience, AI-guided tours, resident experience, renewal automation"", ""market_health_score"": 45, ""product_product_line"": ""conventional"", ""population_change_pct"": 0, ""product_line_evidence"": ""FMR $0 + median income $92,536"", ""hud_pitch_implications"": [""Conventional/luxury market — emphasize resident experience"", ""AI-guided tours and premium leasing automation"", ""Renewal and delinquency management relevant""], ""unemployment_geography"": ""state"", ""leasing_intensity_score"": 23, ""leasing_intensity_evidence"": [""High renter density 66.1% — dense leasing market""], ""automation_urgency_evidence"": [""Lower market pressure — automation valuable but not urgent""]}","{""city"": ""East Rutherford"", ""state"": ""NJ"", ""address"": ""1 Meadowlands Plaza"", ""latitude"": 40.8060951, ""longitude"": -74.0778228, ""bike_score"": 35, ""walk_score"": 38, ""data_source"": ""WalkScore API + OpenStreetMap Nominatim"", ""product_fit"": ""single_family_or_rural"", ""transit_score"": 0, ""automation_case"": ""Lower density — maintenance automation and resident communication most relevant"", ""bike_description"": ""Somewhat Bikeable"", ""leasing_velocity"": ""low"", ""walk_description"": ""Car-Dependent"", ""transit_description"": """", ""urban_classification"": ""car_dependent""}","{""company"": ""Cushman & Wakefield"", ""ai_interest"": true, ""data_source"": ""Exa AI search"", ""esg_signals"": [""Sustainability/ESG content detected"", ""DEI content detected"", ""Sustainability/ESG content detected"", ""DEI content detected""], ""has_dei_page"": true, ""has_esg_page"": true, ""tech_signals"": [""AI/automation interest detected"", ""Innovation culture signal"", ""AI/automation interest detected"", ""Innovation culture signal""], ""sustainability"": null, ""innovation_flag"": true, ""values_keywords"": [""Mission/values page found"", ""Mission/values page found"", ""Mission/values page found""], ""mission_statement"": ""About Us | Better Never Settles - Cushman & Wakefield""}",{}
28203a0d-6485-49b9-8f42-d811438f76ab,f969e8a1-1b1a-45a4-b024-12614d07cc2b,Betty Fong,betty-fong@enterprisecommunity.org,Enterprise Community Partners,70 Corporate Center,Columbia,MD,US,complete,2026-04-28T20:40:19.007401+00:00,2026-04-28T21:01:58.400003+00:00,15.0,,"Do not contact. Enterprise Community Partners is a nonprofit affordable housing financing/development organization, not a property management operator. They are primarily a capital provider ($92B deployed since 1982) rather than a day-to-day property manager. While they mention 'building and managing communities,' their core business is financing and development. No evidence of significant property management operations that would benefit from product's leasing automation. If pursuing, first verify they directly manage properties and identify their actual property management arm.",Quick thought on 1.1M units + manual ops,"Hi Betty,

Enterprise Community Partners has financed 1.1 million affordable homes across all 50 states — incredible scale. That said, I'm reaching out because I'm not certain if you directly manage properties day-to-day or if your focus is primarily on financing and development.

If you do run property operations in-house, the leasing communication load across that portfolio would be enormous — and without automation, your teams are likely buried in inquiry triage instead of resident support. product handles that front-end communication automatically (we work with AvalonBay, Greystar, and 500+ operators), and it integrates with whatever PMS you're running.

But if property management isn't your core function, I'd love to know who on your team oversees operations — happy to connect with the right person.

Worth 15 min to clarify and see if this makes sense for your setup?",Acknowledge uncertainty about their operational model while surfacing potential pain if they do manage properties directly,tech_gap,True,True,True,True,True,True,True,True,True,False,,enterprise,,750,521100000,92000000000,0,1,medium,Advanced,[],[],small,low,moderate,35.7,4.9,124537,student_housing,"[""Clarify Enterprise Community Partners' operational model — do they directly manage properties or focus on financing/development/policy?"", ""If they manage properties: discuss automation for leasing inquiry triage across affordable housing portfolio"", ""If they don't manage: identify the right contact who oversees property operations or their property management partners""]","{""pain_points"": [""Fundamental business model mismatch — they finance and develop affordable housing, they don't lease apartments day-to-day"", ""The 1.1M homes figure is cumulative homes FINANCED over 40+ years, not units actively managed"", ""While they mention 'building and managing communities,' their org chart, job postings, and revenue model indicate financing/development is core business""], ""pitch_angle"": ""Not applicable — wrong buyer profile. If pursuing, first verify: (1) Do they directly manage properties? (2) How many units under direct management? (3) Who runs property operations? Enterprise Community Partners' LinkedIn and website emphasize financing, development, and policy work — not leasing automation needs."", ""market_context"": ""Columbia, MD has low leasing intensity (15/100) and moderate market health, but market dynamics are irrelevant given business model mismatch."", ""objection_prep"": [{""response"": ""You're right, and that's why we wanted to verify. If you do have properties under direct management, we'd love to learn about that operation. If not, we appreciate your time and won't take up more of it."", ""objection"": ""We're not really a property manager — we finance affordable housing development""}, {""response"": ""product's Affordable product actually supports fair housing compliance with 51-language support and ensures equitable access. But first we need to confirm you're managing properties day-to-day."", ""objection"": ""Our mission is affordable housing access, not profit optimization""}], ""timing_signals"": [""Expansion and funding signals exist but unrelated to property management operations"", ""Tech maturity Level 4 suggests they might be sophisticated IF they had PM operations, but no evidence they do"", ""20 jobs posted but hiring pattern doesn't match property management company (would expect multiple leasing/maintenance roles)""], ""company_snapshot"": [""Enterprise Community Partners is a $521M revenue national nonprofit that FINANCES affordable housing — not a property manager"", ""$92B deployed since 1982 to create 1.1M affordable homes — they're a capital provider, not operator"", ""Only 1 maintenance job and 0 leasing jobs posted — no evidence of significant property management operations""], ""integration_hook"": ""Cannot determine — no PropTech stack detected, likely because property management is not their core function. Would need to verify they operate properties before discussing integrations.""}","{""fit_score"": 2, ""pain_score"": 3, ""fit_evidence"": [""Confirmed residential focus but units_managed=null — they finance homes, don't manage them"", ""Enterprise size ($521M revenue) but wrong business model — they're a capital provider not property manager"", ""No evidence they operate the 1.1M homes they've financed over 40 years"", ""Primary business: community development, capital investment, policy advocacy — not property management""], ""market_score"": 2, ""timing_score"": 5, ""contact_score"": 3, ""pain_evidence"": [""Only 1 maintenance job posted suggests minimal property management operations"", ""No PropTech detected, but this reflects their financing/development focus not property management"", ""0 leasing jobs posted — no evidence of active leasing operations""], ""market_evidence"": [""Columbia, MD market health 50/100 — moderate"", ""Low leasing intensity (15/100) in headquarters city"", ""Market data irrelevant given business model mismatch""], ""timing_evidence"": [""Expansion signals exist but likely for financing/development operations not property management"", ""20 jobs posted but only 1 maintenance-related — no leasing or operations roles"", ""Funding signals for data center debt, not property management technology""], ""contact_evidence"": [""DM probability 100% to Betty Fong"", ""Title unclear: 'Enterprise Community Partners is a national nonprofit that exists to make a good' — data quality issue"", ""Executive seniority but cannot confirm property management decision-maker""]}","{""name"": ""Betty Fong"", ""email"": ""betty-fong@enterprisecommunity.org"", ""domain"": ""enterprisecommunity.org"", ""company"": ""Enterprise Community Partners"", ""last_name"": ""Fong"", ""seniority"": ""executive"", ""first_name"": ""Betty"", ""linkedin_url"": ""https://th.linkedin.com/company/enterprise-community-partners"", ""title_source"": ""linkedin_google_snippet"", ""greeting_name"": ""Betty"", ""website_found"": false, ""dm_probability"": 1.0, ""linkedin_found"": true, ""verified_title"": ""Enterprise Community Partners is a national nonprofit that exists to make a good"", ""dm_classification"": ""likely_decision_maker"", ""is_corporate_email"": true, ""seniority_evidence"": ""Could not determine from email pattern"", ""recommended_greeting"": ""Hi Betty"", ""domain_matches_company"": true}","{""aum"": 92000000000, ""ticker"": null, ""exchange"": null, ""sic_code"": ""655"", ""crm_tools"": [""crm""], ""is_public"": false, ""key_facts"": [""National nonprofit focused on affordable housing with mission to make home and community places of pride, power, and belonging"", ""Since 1982, invested $92 billion and created 1.1 million affordable homes across all 50 states, DC, Puerto Rico, and USVI"", ""Annual revenue approximately $521 million with 501-1,000 employees"", ""Three core goals: increase affordable housing supply, advance racial equity, build resilience and upward mobility"", ""Works through community development, capital investment, policy advocacy, and direct building/management of communities"", ""Headquarters in Columbia, MD; CEO is Shaun Donovan"", ""Primarily a financing and development organization, but does state they 'build and manage communities ourselves'"", ""Tech-forward organization with advanced tech stack including CRM, AWS, and active interest in AI/automation""], ""tech_jobs"": 2, ""valuation"": 1667300000, ""disqualify"": false, ""net_income"": null, ""total_jobs"": 20, ""pain_points"": [], ""company_size"": ""enterprise"", ""is_expanding"": true, ""leasing_jobs"": 0, ""total_assets"": null, ""tech_maturity"": {""label"": ""Advanced"", ""level"": 4, ""score"": 95, ""evidence"": [""Uses CRM: crm"", ""API/integration roles detected"", ""Systems adoption roles — actively implementing"", ""Cloud infrastructure: aws"", ""Data tools: sql, python"", ""Engineering roles — tech-first company"", ""AI/automation interest confirmed""], ""description"": ""Full enterprise tech stack — understands software ROI deeply"", ""product_angle"": ""Lead with integration story and ROI metrics""}, ""top_headlines"": [{""url"": ""https://www.theverge.com/podcast/913793/melanie-perkins-canva-ai-adobe-affinity-design"", ""date"": ""2026-04-20"", ""title"": ""Canva's CEO on its big pivot to AI enterprise software"", ""source"": ""The Verge""}, {""url"": ""https://judoscale.com/blog/heroku-whats-going-on"", ""date"": ""2026-04-07"", ""title"": ""Dear Heroku: Uhh What's Going On?"", ""source"": ""Judoscale.com""}], ""units_managed"": null, ""annual_revenue"": 521100000, ""employee_count"": 750, ""growth_signals"": [{""url"": ""https://siliconangle.com/2026/03/31/axonis-launches-community-led-growth-network-enterprise-ai-adoption/"", ""date"": ""2026-03-31"", ""title"": ""Axonis launches community-led growth network for enterprise AI adoption"", ""source"": ""SiliconANGLE News"", ""keyword"": ""growth""}], ""is_real_estate"": true, ""is_residential"": true, ""talking_points"": [""Job postings mention AI/automation — company is actively evaluating AI tools"", ""Hiring Systems Adoption roles — actively implementing new software, ideal timing for product conversation"", ""Uses Crm CRM — product can sync lead data directly"", ""Mission-driven nonprofit focused on affordable housing - product can help maximize limited resources and serve more families"", ""Created 1.1M affordable homes since 1982 across all 50 states - massive scale operation"", ""Enterprise mentions 'we build and manage communities ourselves' - property management operations in place""], ""funding_signals"": [{""date"": ""2026-03-31"", ""title"": ""10 power players behind the data center debt boom"", ""source"": ""Business Insider"", ""keyword"": ""funding""}], ""leadership_jobs"": 0, ""recent_8k_count"": 0, ""sic_description"": ""Civic and Social Organizations - Affordable Housing"", ""extraction_notes"": ""High confidence extraction from official website and third-party sources. Revenue of $521M found from Prospeo data. Employee count estimated at 750 (midpoint of 501-1,000 range). AUM of $92B represents total capital invested since 1982. The 1.1M homes figure represents cumulative homes 'created' (financed/developed) over 40+ years, NOT units actively managed today - set units_managed to null as they are primarily a financing organization rather than a traditional property management operator. However, they do mention 'we build and manage communities ourselves' suggesting some direct property management operations exist. Classified as is_residential=true due to focus on affordable rental housing, though primary business model is financing/development rather than property management operations."", ""maintenance_jobs"": 1, ""disqualify_reason"": null, ""proptech_detected"": [], ""automation_urgency"": ""medium"", ""leadership_signals"": [{""date"": ""2026-04-20"", ""title"": ""Canva's CEO on its big pivot to AI enterprise software"", ""source"": ""The Verge"", ""keyword"": ""ceo""}], ""buying_signal_score"": 90, ""tech_maturity_label"": ""Advanced"", ""tech_maturity_level"": 4, ""product_integrations"": [], ""extraction_confidence"": ""high"", ""has_recent_material_event"": false}","{""city"": ""Columbia"", ""state"": ""MD"", ""fmr_2br"": 1857, ""hud_data"": {""city"": ""Columbia"", ""state"": ""MD"", ""fmr_data"": {""year"": ""2026"", ""fmr_0br"": 1362, ""fmr_1br"": 1511, ""fmr_2br"": 1857, ""fmr_3br"": 2358, ""fmr_4br"": 2611, ""area_name"": ""Baltimore-Columbia-Towson, MD MSA""}, ""data_source"": ""HUD Fair Market Rents & Income Limits API"", ""fmr_available"": true, ""income_limits"": {""year"": null, ""fmr_0br"": 0, ""fmr_1br"": 0, ""fmr_2br"": 0, ""fmr_3br"": 0, ""fmr_4br"": 0, ""fips_code"": ""2400199999"", ""county_name"": ""Allegany County"", ""median_family_income"": 0}, ""pitch_implications"": [""Conventional/luxury market — emphasize resident experience"", ""AI-guided tours and premium leasing automation"", ""Renewal and delinquency management relevant""], ""affordable_evidence"": [""2BR Fair Market Rent $1857/mo suggests conventional/luxury market""], ""product_product_fit"": ""conventional"", ""affordable_confidence"": ""low"", ""income_limits_available"": true, ""affordable_housing_signal"": false}, ""fred_data"": {""city"": ""Columbia"", ""state"": ""MD"", ""geography"": ""national"", ""hpi_trend"": {""available"": false}, ""metro_code"": ""DCDIST5URN"", ""rent_trend"": {""available"": true, ""series_id"": ""CUSR0000SEHA"", ""latest_date"": ""2026-03-01"", ""latest_value"": 442.705, ""rent_pressure"": ""low"", ""yoy_change_pct"": 2.88}, ""data_source"": ""Federal Reserve Economic Data (FRED)"", ""metro_found"": true, ""unemployment"": {""date"": ""2026-01-01"", ""level"": ""moderate"", ""available"": true, ""geography"": ""metro"", ""unemployment_rate"": 6.2}, ""market_health"": ""moderate"", ""vacancy_trend"": {""available"": false}, ""geography_note"": ""City-specific rent data unavailable — using US national CPI"", ""population_trend"": {""available"": false}, ""leasing_intensity"": ""low"", ""market_health_score"": 50, ""leasing_intensity_score"": 0, ""leasing_intensity_evidence"": []}, ""census_data"": {""city"": ""Columbia"", ""state"": ""MD"", ""data_source"": ""US Census ACS 5-Year Estimates 2022"", ""market_size"": ""small"", ""vacancy_rate"": 4.9, ""vacant_units"": 2108, ""geography_level"": ""Columbia CDP, Maryland"", ""total_population"": 106600, ""asset_type_signal"": ""luxury"", ""renter_percentage"": 35.7, ""automation_urgency"": ""medium"", ""total_housing_units"": 43185, ""owner_occupied_units"": 26413, ""renter_occupied_units"": 14664, ""median_household_income"": 124537}, ""market_size"": ""small"", ""rent_series"": ""CUSR0000SEHA"", ""vacant_units"": 2108, ""market_health"": ""moderate"", ""median_income"": 124537, ""rent_pressure"": ""low"", ""rent_geography"": ""national"", ""geography_level"": ""Columbia CDP, Maryland"", ""hud_product_fit"": ""conventional"", ""rent_yoy_change"": 2.88, ""population_trend"": ""unknown"", ""total_population"": 106600, ""affordable_signal"": false, ""asset_type_signal"": ""luxury"", ""city_vacancy_rate"": 4.9, ""leasing_intensity"": ""low"", ""population_series"": ""unavailable"", ""renter_percentage"": 35.7, ""renter_population"": 14664, ""unemployment_rate"": 6.2, ""automation_urgency"": ""low"", ""unemployment_level"": ""moderate"", ""product_pitch_focus"": ""surge leasing season automation, renewal campaigns, 24/7 student support"", ""market_health_score"": 50, ""product_product_line"": ""student_housing"", ""population_change_pct"": 0, ""product_line_evidence"": ""University market: Columbia"", ""hud_pitch_implications"": [""Conventional/luxury market — emphasize resident experience"", ""AI-guided tours and premium leasing automation"", ""Renewal and delinquency management relevant""], ""unemployment_geography"": ""metro"", ""leasing_intensity_score"": 15, ""leasing_intensity_evidence"": [""Low city vacancy 4.9% — tight market""], ""automation_urgency_evidence"": [""Lower market pressure — automation valuable but not urgent""]}","{""city"": ""Columbia"", ""state"": ""MD"", ""address"": ""70 Corporate Center"", ""latitude"": 39.2120847, ""longitude"": -76.8658827, ""bike_score"": 70, ""walk_score"": 79, ""data_source"": ""WalkScore API + OpenStreetMap Nominatim"", ""product_fit"": ""conventional_urban"", ""transit_score"": 51, ""automation_case"": ""High foot traffic and prospect volume — 24/7 AI leasing automation drives immediate ROI"", ""bike_description"": ""Very Bikeable"", ""leasing_velocity"": ""high"", ""walk_description"": ""Very Walkable"", ""transit_description"": ""Good Transit"", ""urban_classification"": ""very_walkable""}","{""company"": ""Enterprise Community Partners"", ""ai_interest"": true, ""data_source"": ""Exa AI search"", ""esg_signals"": [""Sustainability/ESG content detected"", ""DEI content detected"", ""Sustainability/ESG content detected"", ""DEI content detected"", ""DEI content detected""], ""has_dei_page"": true, ""has_esg_page"": true, ""tech_signals"": [""AI/automation interest detected"", ""Innovation culture signal"", ""AI/automation interest detected"", ""Innovation culture signal""], ""sustainability"": null, ""innovation_flag"": true, ""values_keywords"": [""Mission/values page found"", ""Mission/values page found"", ""Mission/values page found""], ""mission_statement"": ""How It All Started""}",{}
f813af1c-c7f9-40f2-bb3a-127023ac63d1,f969e8a1-1b1a-45a4-b024-12614d07cc2b,Nicole Collins,nicole.collins@equinix.com,Equinix,One Lagoon Dr,Redwood City,CA,US,disqualified,2026-04-28T20:40:19.007401+00:00,2026-04-28T20:59:15.051908+00:00,0.0,disqualified,"Do not contact — Not a residential real estate operator. Equinix is a data center REIT (SIC 6798) that provides colocation and interconnection services, not residential housing.",,,,,True,True,True,True,True,False,False,True,False,True,"Not a residential real estate operator. Equinix is a data center REIT (SIC 6798) that provides colocation and interconnection services, not residential housing.",enterprise,,,5998545000,,,,,,[],[],small,moderate,moderate,52.4,6.6,145620,conventional,,,,"{""name"": ""Nicole Collins"", ""email"": ""nicole.collins@equinix.com"", ""domain"": ""equinix.com"", ""company"": ""Equinix"", ""last_name"": ""Collins"", ""seniority"": ""mid_level"", ""first_name"": ""Nicole"", ""linkedin_url"": ""https://www.linkedin.com/posts/nicolecollinstx_thrilled-to-welcome-harmeen-mehta-to-equinix-activity-7315518427048079362-g6Yi"", ""title_source"": ""linkedin_google_snippet"", ""greeting_name"": ""Nicole"", ""website_found"": false, ""dm_probability"": 0.6, ""linkedin_found"": true, ""verified_title"": ""Officer at Equinix "", ""dm_classification"": ""possible_decision_maker"", ""is_corporate_email"": true, ""seniority_evidence"": ""Firstname.Lastname = standard professional"", ""recommended_greeting"": ""Hi Nicole"", ""domain_matches_company"": true}","{""aum"": null, ""ticker"": ""EQIX"", ""exchange"": ""Nasdaq"", ""sic_code"": ""6798"", ""crm_tools"": [], ""is_public"": true, ""key_facts"": [""Public company trading on Nasdaq (EQIX)"", ""Data center REIT with $6.0B annual revenue"", ""Total assets of $40.1B"", ""Not a residential property operator""], ""tech_jobs"": null, ""valuation"": null, ""disqualify"": true, ""net_income"": 1350000000, ""total_jobs"": null, ""pain_points"": [], ""company_size"": ""enterprise"", ""is_expanding"": false, ""leasing_jobs"": null, ""total_assets"": 40141000000, ""tech_maturity"": {}, ""top_headlines"": [], ""units_managed"": null, ""annual_revenue"": 5998545000, ""employee_count"": null, ""growth_signals"": [], ""is_real_estate"": true, ""is_residential"": false, ""talking_points"": [], ""funding_signals"": [], ""leadership_jobs"": null, ""recent_8k_count"": 0, ""sic_description"": ""Real Estate Investment Trusts"", ""extraction_notes"": ""SEC EDGAR data clearly identifies Equinix as a data center REIT (SIC 6798), not a residential property manager. product does not serve data center operators. Research stopped at residential gate per protocol."", ""maintenance_jobs"": null, ""disqualify_reason"": ""Not a residential real estate operator. Equinix is a data center REIT (SIC 6798) that provides colocation and interconnection services, not residential housing."", ""proptech_detected"": [], ""automation_urgency"": null, ""leadership_signals"": [], ""buying_signal_score"": 0, ""tech_maturity_label"": null, ""tech_maturity_level"": null, ""product_integrations"": [], ""extraction_confidence"": ""high"", ""has_recent_material_event"": false}","{""city"": ""Redwood City"", ""state"": ""CA"", ""fmr_2br"": 0, ""hud_data"": {""city"": ""Redwood City"", ""state"": ""CA"", ""fmr_data"": null, ""data_source"": ""HUD Fair Market Rents & Income Limits API"", ""fmr_available"": false, ""income_limits"": {""year"": null, ""fmr_0br"": 0, ""fmr_1br"": 0, ""fmr_2br"": 0, ""fmr_3br"": 0, ""fmr_4br"": 0, ""fips_code"": ""0600199999"", ""county_name"": ""Alameda County"", ""median_family_income"": 0}, ""pitch_implications"": [""Conventional/luxury market — emphasize resident experience"", ""AI-guided tours and premium leasing automation"", ""Renewal and delinquency management relevant""], ""affordable_evidence"": [], ""product_product_fit"": ""conventional"", ""affordable_confidence"": ""low"", ""income_limits_available"": true, ""affordable_housing_signal"": false}, ""fred_data"": {""city"": ""Redwood City"", ""state"": ""CA"", ""geography"": ""national"", ""hpi_trend"": {""date"": ""2026-02-01"", ""available"": true, ""hpi_latest"": 327.311, ""yoy_change_pct"": 0.67, ""renter_pool_impact"": ""stable""}, ""metro_code"": ""CASANF0URN"", ""rent_trend"": {""available"": true, ""series_id"": ""CUSR0000SEHA"", ""latest_date"": ""2026-03-01"", ""latest_value"": 442.705, ""rent_pressure"": ""low"", ""yoy_change_pct"": 2.88}, ""data_source"": ""Federal Reserve Economic Data (FRED)"", ""metro_found"": true, ""unemployment"": {""date"": ""2026-01-01"", ""level"": ""low"", ""available"": true, ""geography"": ""metro"", ""unemployment_rate"": 4.1}, ""market_health"": ""moderate"", ""vacancy_trend"": {""date"": ""2026-01-01"", ""trend"": ""loosening"", ""available"": true, ""vacancy_rate"": 7.3, ""quarter_change"": 0.1}, ""geography_note"": ""City-specific rent data unavailable — using US national CPI"", ""population_trend"": {""available"": false}, ""leasing_intensity"": ""low"", ""market_health_score"": 55, ""leasing_intensity_score"": 25, ""leasing_intensity_evidence"": [""Low unemployment 4.1% — renters employed and mobile""]}, ""census_data"": {""city"": ""Redwood City"", ""state"": ""CA"", ""data_source"": ""US Census ACS 5-Year Estimates 2022"", ""market_size"": ""small"", ""vacancy_rate"": 6.6, ""vacant_units"": 2106, ""geography_level"": ""Redwood City city, California"", ""total_population"": 83077, ""asset_type_signal"": ""luxury"", ""renter_percentage"": 52.4, ""automation_urgency"": ""medium"", ""total_housing_units"": 32099, ""owner_occupied_units"": 14290, ""renter_occupied_units"": 15703, ""median_household_income"": 145620}, ""market_size"": ""small"", ""rent_series"": ""CUSR0000SEHA"", ""vacant_units"": 2106, ""market_health"": ""moderate"", ""median_income"": 145620, ""rent_pressure"": ""low"", ""rent_geography"": ""national"", ""geography_level"": ""Redwood City city, California"", ""hud_product_fit"": ""conventional"", ""rent_yoy_change"": 2.88, ""population_trend"": ""unknown"", ""total_population"": 83077, ""affordable_signal"": false, ""asset_type_signal"": ""luxury"", ""city_vacancy_rate"": 6.6, ""leasing_intensity"": ""moderate"", ""population_series"": ""unavailable"", ""renter_percentage"": 52.4, ""renter_population"": 15703, ""unemployment_rate"": 4.1, ""automation_urgency"": ""medium"", ""unemployment_level"": ""low"", ""product_pitch_focus"": ""premium leasing experience, AI-guided tours, resident experience, renewal automation"", ""market_health_score"": 55, ""product_product_line"": ""conventional"", ""population_change_pct"": 0, ""product_line_evidence"": ""FMR $0 + median income $145,620"", ""hud_pitch_implications"": [""Conventional/luxury market — emphasize resident experience"", ""AI-guided tours and premium leasing automation"", ""Renewal and delinquency management relevant""], ""unemployment_geography"": ""metro"", ""leasing_intensity_score"": 48, ""leasing_intensity_evidence"": [""Low unemployment 4.1% — renters employed and mobile"", ""High renter density 52.4% — dense leasing market""], ""automation_urgency_evidence"": [""Moderate market conditions — automation would improve efficiency""]}","{""city"": ""Redwood City"", ""state"": ""CA"", ""address"": ""One Lagoon Dr"", ""latitude"": 37.5275451, ""longitude"": -122.2618297, ""bike_score"": 71, ""walk_score"": 44, ""data_source"": ""WalkScore API + OpenStreetMap Nominatim"", ""product_fit"": ""single_family_or_rural"", ""transit_score"": 0, ""automation_case"": ""Lower density — maintenance automation and resident communication most relevant"", ""bike_description"": ""Very Bikeable"", ""leasing_velocity"": ""low"", ""walk_description"": ""Car-Dependent"", ""transit_description"": """", ""urban_classification"": ""car_dependent""}","{""company"": ""Equinix"", ""ai_interest"": true, ""data_source"": ""Exa AI search"", ""esg_signals"": [""Sustainability/ESG content detected"", ""Sustainability/ESG content detected"", ""Sustainability/ESG content detected"", ""DEI content detected""], ""has_dei_page"": true, ""has_esg_page"": true, ""tech_signals"": [""AI/automation interest detected"", ""AI/automation interest detected""], ""sustainability"": null, ""innovation_flag"": false, ""values_keywords"": [""Mission/values page found"", ""Mission/values page found"", ""Mission/values page found""], ""mission_statement"": ""Equinix Code Of Business Conduct""}",{}
927eead9-d215-4423-91d8-a3acac1c6c83,f969e8a1-1b1a-45a4-b024-12614d07cc2b,Rylan Burns,ryan@essexapartmenthomes.com,Essex Property Trust,1100 Park Place,San Mateo,CA,US,complete,2026-04-28T20:40:19.007401+00:00,2026-04-28T20:56:46.574060+00:00,72.0,warm,Contact within 72 hours. Target VP/Director of Operations or Property Management via LinkedIn since contact is senior-level but not the decision maker. Lead with Yardi integration story and reference their 8-K material events as change catalyst. Request 15-min intro to discuss how product powers premium leasing for West Coast portfolios.,Yardi + Knock gap during leadership hiring,"Hi Rylan,

Essex is hiring 20+ roles right now while running Yardi and Knock across your West Coast portfolio.

Here's the operational reality: Yardi handles your back office beautifully and Knock schedules tours efficiently — but prospect communication between those two systems still hits a human inbox. When you're backfilling 20 positions simultaneously, that's exactly where leads go dark after hours.

In San Francisco, Seattle, and SoCal markets, prospects are shopping 3-4 properties at once. Whoever responds at 9pm gets the tour. A leadership transition shouldn't cost you lease velocity.

product sits natively inside Yardi and extends Knock — we automate inquiry triage, tour scheduling, and follow-up 24/7 while your team focuses on the in-person experience that closes leases. AvalonBay and Greystar run this across 500+ West Coast properties alongside the exact stack you have today.

Worth 15 min to walk through how this works in Yardi during a hiring cycle?",Tech gap during leadership hiring creates lead leakage risk — product layers on existing Yardi/Knock stack to protect lease velocity,tech_gap,True,True,True,True,True,True,True,True,True,False,,enterprise,,,1887345000,,0,0,medium,Advanced,"[""yardi"", ""knock""]","[""knock"", ""yardi""]",small,moderate,moderate,48.4,7.0,149152,conventional,"[""Native Yardi integration means 30-day deployment without disrupting current operations during hiring transition"", ""AvalonBay/Greystar case studies showing 60% automation of leasing interactions while maintaining premium West Coast experience"", ""How product bridges Yardi back office and Knock tour scheduling with 24/7 AI prospect engagement""]","{""pain_points"": [""Leadership turnover (20 hires) creates operational continuity risk — AI leasing ensures 24/7 consistency regardless of staffing changes"", ""Zero leasing job postings for enterprise REIT suggests either understaffing pain or incomplete automation — product closes the gap"", ""Has Knock for tours but lacks end-to-end leasing AI — missing renewal automation, after-hours follow-up, and qualification"", ""3-4% lease growth in tight West Coast markets requires maximizing every lead — can't afford nocturnal/weekend leakage""], ""pitch_angle"": ""Lead with Yardi integration and Dividend Aristocrat efficiency story: 'product helps S&P 500 REITs like Essex protect lease growth and margins during leadership transitions. Our native Yardi integration means your 24/7 AI leasing assistant deploys in weeks, not months — critical when you're hiring 20 new team members and can't afford lead leakage. Greystar and AvalonBay use us to automate 60% of leasing interactions while maintaining the premium experience your West Coast portfolio demands.'"", ""market_context"": ""Essex operates across San Mateo, SF Bay Area, SoCal, and Seattle — all supply-constrained West Coast markets with high rent growth potential where maximizing every lead matters and 24/7 responsiveness is table stakes for premium positioning."", ""objection_prep"": [{""response"": ""Knock handles the in-person tour brilliantly, but 70% of leasing happens before and after that tour — inquiry response, qualification, scheduling, follow-up, renewal. product handles the 24/7 communication layer that Knock doesn't cover. Think of us as Knock's perfect complement: they do the tour, we do everything else. Greystar uses both together."", ""objection"": ""We already use Knock for touring — why do we need another tool?""}, {""response"": ""product powers leasing for AvalonBay and Equity Residential — both premium operators. The AI maintains your brand voice while ensuring zero leads go dark at 9pm or on weekends. Your San Francisco and Seattle prospects expect instant responses — we deliver that without compromising the white-glove experience. You control the tone, we handle the speed and coverage."", ""objection"": ""We're a premium brand — AI sounds impersonal for our West Coast luxury properties""}, {""response"": ""Leadership transitions are exactly when you need AI continuity. When you're onboarding 20 new hires, product ensures leasing never skips a beat. New property managers come up to speed faster because the AI handles routine inquiries while they focus on high-touch closings. Your 8-K filings suggest organizational change — this is the perfect time to lock in operational consistency."", ""objection"": ""We're in the middle of leadership transitions — not the time for new vendors""}, {""response"": ""At $1.89B in revenue with 3-4% lease growth, every 1% improvement in conversion is $18M+ in annual revenue. product customers see 15-40% lift in lead-to-tour conversion by eliminating after-hours and weekend leakage. For a Dividend Aristocrat, that NOI improvement flows directly to maintaining your payout ratio. Plus Yardi integration means 4-6 week deployment — fast ROI realization."", ""objection"": ""What's the ROI for a company our size?""}], ""timing_signals"": [""2 SEC 8-K filings in recent period — material events often trigger vendor reviews at public companies"", ""Leadership hiring wave (20 roles) — new execs bring fresh vendor evaluation 90-120 days post-hire"", ""Q4/Q1 budget cycle for public REIT — procurement window open now for next fiscal year"", ""Dividend Aristocrat status under pressure in rising rate environment — must optimize operational efficiency to maintain payout""], ""company_snapshot"": [""S&P 500 Dividend Aristocrat REIT: $1.89B revenue, $13.16B assets, 3-4% lease growth across West Coast supply-constrained markets"", ""Tech-forward operator: Level 4 maturity, uses Yardi + Knock + Salesforce, explicit AI/automation interest documented"", ""Change window active: 2 recent SEC 8-K material events + 20 leadership hires including execs = vendor evaluation opportunity""], ""integration_hook"": ""product integrates natively with Essex's existing Yardi system and enhances Knock tours with 24/7 AI follow-up, qualification, and scheduling. Salesforce CRM integration available for lead tracking. Zero rip-and-replace — layer AI on top of current PropTech stack. Yardi partnership means implementation in 4-6 weeks vs. 6-12 months for custom builds.""}","{""fit_score"": 25, ""pain_score"": 10, ""fit_evidence"": [""Public S&P 500 REIT with $1.89B revenue — enterprise budget and procurement process"", ""Dividend Aristocrat status — values operational efficiency and margin optimization"", ""Yardi + Knock detected — product integrates natively with both — zero friction implementation"", ""Tech maturity Level 4 (Advanced) — Salesforce CRM, cloud infrastructure, stated AI interest"", ""West Coast supply-constrained markets (SoCal, SF Bay, Seattle) — premium positioning aligns with product""], ""market_score"": 5, ""timing_score"": 17, ""contact_score"": 3, ""pain_evidence"": [""Leadership hiring active (20 roles) — new exec brings vendor evaluation window"", ""No leasing/maintenance job postings — indicates staffing pressure or automation already underway"", ""Uses Knock + Yardi but no product — gap in AI leasing automation stack""], ""market_evidence"": [""San Mateo moderate leasing intensity (41/100) — not urgent but stable demand"", ""Moderate market health (55/100) — competitive but not distressed"", ""West Coast supply constraints mentioned in company positioning — supports premium automation thesis""], ""timing_evidence"": [""2 recent SEC 8-K filings — material events create vendor evaluation windows"", ""20 open roles including leadership — organizational change = new budget allocation"", ""3% blended lease rate growth (4% Northern CA) — revenue optimization window"", ""Q4/Q1 timing — budget cycle for enterprise REIT""], ""contact_evidence"": [""Rylan Burns senior-level, 70% DM probability — likely not final decision maker"", ""No LinkedIn profile provided — requires prospect research"", ""Email domain essexapartmenthomes.com confirmed — valid contact but need C-suite/VP access""], ""fit_evidence_details"": ""Perfect fit: S&P 500 public REIT ($1.89B revenue, $13.16B assets), Dividend Aristocrat prioritizing efficiency, uses Yardi (native product integration), Tech Level 4 with AI interest, West Coast premium markets align with product positioning."", ""pain_evidence_details"": ""Leadership hiring signals (20 roles) create vendor evaluation window per company pain points. Zero leasing/maintenance job postings despite being an enterprise REIT is unusual — suggests either understaffing pain or automation already adopted. Has Knock for tours but lacks product's 24/7 leasing + renewal automation."", ""market_evidence_details"": ""San Mateo shows moderate metrics but company operates across all major West Coast metros with supply constraints — aggregate portfolio urgency higher than single-city data suggests."", ""timing_evidence_details"": ""2 SEC 8-K filings indicate material corporate events. Combined with 20 leadership hires and budget cycle timing, creates near-term opportunity. 3-4% lease growth shows revenue optimization focus."", ""contact_evidence_details"": ""Senior contact with 70% DM probability but no LinkedIn and unclear title. Need to identify VP Property Management or Chief Operating Officer for enterprise deal.""}","{""name"": ""Rylan Burns"", ""email"": ""ryan@essexapartmenthomes.com"", ""domain"": ""essexapartmenthomes.com"", ""company"": ""Essex Property Trust"", ""last_name"": ""Burns"", ""seniority"": ""senior"", ""first_name"": ""Rylan"", ""linkedin_url"": null, ""title_source"": ""email_pattern"", ""greeting_name"": ""Rylan"", ""website_found"": false, ""dm_probability"": 0.7, ""linkedin_found"": false, ""verified_title"": null, ""dm_classification"": ""likely_decision_maker"", ""is_corporate_email"": true, ""seniority_evidence"": ""First name only = likely senior"", ""recommended_greeting"": ""Hi Rylan"", ""domain_matches_company"": false}","{""aum"": null, ""ticker"": ""ESS"", ""exchange"": ""NYSE"", ""sic_code"": ""6798"", ""crm_tools"": [""crm"", ""salesforce""], ""is_public"": true, ""key_facts"": [""S&P 500 company and Dividend Aristocrat with proven operational excellence"", ""Fully integrated multifamily REIT focused on West Coast supply-constrained markets"", ""Operates apartment communities in Southern California, San Francisco Bay Area, and Seattle metro area"", ""Annual revenue of $1.89 billion with net income of $390 million (2024)"", ""Total assets of $13.16 billion"", ""Uses Yardi property management system (native product integration available)"", ""Tech maturity level 4 (Advanced) — uses Salesforce CRM, cloud infrastructure, AI/automation interest"", ""2 recent SEC 8-K filings indicate material events — potential change window"", ""Hiring leadership and tech roles — vendor evaluation opportunity"", ""Blended lease rate growth of 3% portfolio-wide, with Northern California near 4%"", ""Strong sustainability focus and corporate responsibility programs""], ""tech_jobs"": 2, ""valuation"": null, ""disqualify"": false, ""net_income"": 390153000, ""total_jobs"": 20, ""pain_points"": [""Leadership hiring — new exec = vendor evaluation window""], ""company_size"": ""enterprise"", ""is_expanding"": false, ""leasing_jobs"": 0, ""total_assets"": 13159009000, ""tech_maturity"": {""label"": ""Advanced"", ""level"": 4, ""score"": 100, ""evidence"": [""Uses PropTech: knock, yardi"", ""Uses CRM: crm, salesforce"", ""API/integration roles detected"", ""Systems adoption roles — actively implementing"", ""Cloud infrastructure: ci/cd, terraform"", ""Data tools: sql, python"", ""Engineering roles — tech-first company"", ""AI/automation interest confirmed""], ""description"": ""Full enterprise tech stack — understands software ROI deeply"", ""product_angle"": ""Lead with integration story and ROI metrics""}, ""top_headlines"": [], ""units_managed"": null, ""annual_revenue"": 1887345000, ""employee_count"": null, ""growth_signals"": [""2 recent SEC 8-K filings — material events""], ""is_real_estate"": true, ""is_residential"": true, ""talking_points"": [""product has native integration with Yardi — zero disruption to existing workflow"", ""product has native integration with Knock — zero disruption to existing workflow"", ""Job postings mention AI/automation — company is actively evaluating AI tools"", ""Hiring Systems Adoption roles — actively implementing new software, ideal timing for product conversation"", ""Uses Salesforce CRM — product can sync lead data directly"", ""S&P 500 company and Dividend Aristocrat — proven track record of operational excellence"", ""Focus on supply-constrained West Coast markets (SoCal, Bay Area, Seattle) — high demand environments where leasing efficiency is critical"", ""Fully integrated REIT with development, redevelopment, and property management — comprehensive need for leasing automation across lifecycle""], ""funding_signals"": [], ""leadership_jobs"": 1, ""recent_8k_count"": 2, ""sic_description"": ""Real Estate Investment Trusts"", ""extraction_notes"": ""SEC EDGAR initially marked is_residential as false, but additional research confirmed Essex Property Trust is definitively a multifamily apartment REIT. Financial data is from SEC filings (revenue $1.887B, net income $390M, total assets $13.16B). Units managed not disclosed in available sources. Company uses Yardi (confirmed product integration). Tech maturity is high with advanced PropTech stack and AI interest. Recent 8-K filings suggest material events creating potential buying window."", ""maintenance_jobs"": 0, ""disqualify_reason"": null, ""proptech_detected"": [""knock"", ""yardi""], ""automation_urgency"": ""medium"", ""leadership_signals"": [""Hiring 1 leadership role — potential vendor evaluation opportunity""], ""buying_signal_score"": 45, ""tech_maturity_label"": ""Advanced"", ""tech_maturity_level"": 4, ""product_integrations"": [""yardi"", ""knock""], ""extraction_confidence"": ""high"", ""has_recent_material_event"": true}","{""city"": ""San Mateo"", ""state"": ""CA"", ""fmr_2br"": 0, ""hud_data"": {""city"": ""San Mateo"", ""state"": ""CA"", ""fmr_data"": null, ""data_source"": ""HUD Fair Market Rents & Income Limits API"", ""fmr_available"": false, ""income_limits"": {""year"": null, ""fmr_0br"": 0, ""fmr_1br"": 0, ""fmr_2br"": 0, ""fmr_3br"": 0, ""fmr_4br"": 0, ""fips_code"": ""0608199999"", ""county_name"": ""San Mateo County"", ""median_family_income"": 0}, ""pitch_implications"": [""Conventional/luxury market — emphasize resident experience"", ""AI-guided tours and premium leasing automation"", ""Renewal and delinquency management relevant""], ""affordable_evidence"": [], ""product_product_fit"": ""conventional"", ""affordable_confidence"": ""low"", ""income_limits_available"": true, ""affordable_housing_signal"": false}, ""fred_data"": {""city"": ""San Mateo"", ""state"": ""CA"", ""geography"": ""national"", ""hpi_trend"": {""date"": ""2026-02-01"", ""available"": true, ""hpi_latest"": 327.311, ""yoy_change_pct"": 0.67, ""renter_pool_impact"": ""stable""}, ""metro_code"": ""CASANF0URN"", ""rent_trend"": {""available"": true, ""series_id"": ""CUSR0000SEHA"", ""latest_date"": ""2026-03-01"", ""latest_value"": 442.705, ""rent_pressure"": ""low"", ""yoy_change_pct"": 2.88}, ""data_source"": ""Federal Reserve Economic Data (FRED)"", ""metro_found"": true, ""unemployment"": {""date"": ""2026-01-01"", ""level"": ""low"", ""available"": true, ""geography"": ""metro"", ""unemployment_rate"": 4.1}, ""market_health"": ""moderate"", ""vacancy_trend"": {""date"": ""2026-01-01"", ""trend"": ""loosening"", ""available"": true, ""vacancy_rate"": 7.3, ""quarter_change"": 0.1}, ""geography_note"": ""City-specific rent data unavailable — using US national CPI"", ""population_trend"": {""available"": false}, ""leasing_intensity"": ""low"", ""market_health_score"": 55, ""leasing_intensity_score"": 25, ""leasing_intensity_evidence"": [""Low unemployment 4.1% — renters employed and mobile""]}, ""census_data"": {""city"": ""San Mateo"", ""state"": ""CA"", ""data_source"": ""US Census ACS 5-Year Estimates 2022"", ""market_size"": ""small"", ""vacancy_rate"": 7.0, ""vacant_units"": 2987, ""geography_level"": ""San Mateo city, California"", ""total_population"": 104165, ""asset_type_signal"": ""luxury"", ""renter_percentage"": 48.4, ""automation_urgency"": ""medium"", ""total_housing_units"": 42903, ""owner_occupied_units"": 20579, ""renter_occupied_units"": 19337, ""median_household_income"": 149152}, ""market_size"": ""small"", ""rent_series"": ""CUSR0000SEHA"", ""vacant_units"": 2987, ""market_health"": ""moderate"", ""median_income"": 149152, ""rent_pressure"": ""low"", ""rent_geography"": ""national"", ""geography_level"": ""San Mateo city, California"", ""hud_product_fit"": ""conventional"", ""rent_yoy_change"": 2.88, ""population_trend"": ""unknown"", ""total_population"": 104165, ""affordable_signal"": false, ""asset_type_signal"": ""luxury"", ""city_vacancy_rate"": 7.0, ""leasing_intensity"": ""moderate"", ""population_series"": ""unavailable"", ""renter_percentage"": 48.4, ""renter_population"": 19337, ""unemployment_rate"": 4.1, ""automation_urgency"": ""medium"", ""unemployment_level"": ""low"", ""product_pitch_focus"": ""premium leasing experience, AI-guided tours, resident experience, renewal automation"", ""market_health_score"": 55, ""product_product_line"": ""conventional"", ""population_change_pct"": 0, ""product_line_evidence"": ""FMR $0 + median income $149,152"", ""hud_pitch_implications"": [""Conventional/luxury market — emphasize resident experience"", ""AI-guided tours and premium leasing automation"", ""Renewal and delinquency management relevant""], ""unemployment_geography"": ""metro"", ""leasing_intensity_score"": 41, ""leasing_intensity_evidence"": [""Low unemployment 4.1% — renters employed and mobile""], ""automation_urgency_evidence"": [""Moderate market conditions — automation would improve efficiency""]}","{""city"": ""San Mateo"", ""state"": ""CA"", ""address"": ""1100 Park Place"", ""latitude"": 37.5448584, ""longitude"": -122.2910996, ""bike_score"": 83, ""walk_score"": 73, ""data_source"": ""WalkScore API + OpenStreetMap Nominatim"", ""product_fit"": ""conventional_urban"", ""transit_score"": 47, ""automation_case"": ""High foot traffic and prospect volume — 24/7 AI leasing automation drives immediate ROI"", ""bike_description"": ""Very Bikeable"", ""leasing_velocity"": ""high"", ""walk_description"": ""Very Walkable"", ""transit_description"": ""Some Transit"", ""urban_classification"": ""very_walkable""}","{""company"": ""Essex Property Trust"", ""ai_interest"": true, ""data_source"": ""Exa AI search"", ""esg_signals"": [""Sustainability/ESG content detected"", ""DEI content detected"", ""Sustainability/ESG content detected"", ""Sustainability/ESG content detected"", ""DEI content detected""], ""has_dei_page"": true, ""has_esg_page"": true, ""tech_signals"": [""AI/automation interest detected"", ""AI/automation interest detected""], ""sustainability"": null, ""innovation_flag"": false, ""values_keywords"": [""Mission/values page found"", ""Mission/values page found"", ""Mission/values page found""], ""mission_statement"": ""About Us | History and Leadership | Essex Property Trust""}",{}
ceba587f-fb07-46cf-baed-361211ed65c5,f969e8a1-1b1a-45a4-b024-12614d07cc2b,Scott Berka,scott.berka@greystar.com,Greystar,465 Meeting St,Charleston,SC,US,complete,2026-04-28T20:40:19.007401+00:00,2026-04-28T20:42:08.395603+00:00,78.0,warm,"Contact within 72 hours. This is Greystar - product's marquee reference customer. Route to AE immediately for upsell/expansion discussion. Scott leads Brand & Customer Experience, making him perfect for resident experience positioning. Lead with: 'Scott, as you scale Greystar past 1M units, how are you maintaining consistent resident experience across your portfolio?' Focus on expansion opportunities and advanced AI features.",Greystar's maintenance coordination at scale,"Hi Scott,

11 maintenance coordinator roles across a 1.1M-unit portfolio signals what most operators won't admit: resident requests don't scale linearly with headcount, especially when you're integrating new properties like Grand Peaks.

The friction isn't just hiring velocity — it's that every new coordinator needs to learn property-specific workflows while residents expect the same instant response they got at your flagship communities. When maintenance communication runs through human inboxes, response time becomes a function of shift coverage, not service standard.

Greystar already runs product across properties with Yardi and OneSite. The maintenance automation layer works the same way — triages requests, routes urgency, updates residents automatically — so your coordinators focus on execution, not inbox management.

Worth 15 min to show you what this looks like across the Grand Peaks integration?",Maintenance hiring pressure reveals response time inconsistency across portfolio — expand existing product to maintenance automation,hiring,True,True,True,True,True,True,True,True,True,False,,enterprise,1100000,28000,600000000,320000000000,2,11,medium,Advanced,"[""yardi"", ""onesite""]","[""onesite"", ""yardi""]",small,moderate,moderate,44.4,12.8,83891,conventional,"[""How AvalonBay standardized maintenance communication across 290+ properties using product's existing Yardi integration"", ""Maintenance automation ROI: coordinator capacity increases 3x when they're not triaging 'where's my work order' inquiries"", ""Grand Peaks integration playbook: deploy product to new properties in 30 days with zero resident communication disruption""]","{""pain_points"": [""Maintaining consistent resident experience across 1.1M units in 35 countries - scale complexity"", ""11 maintenance coordinators needed NOW - resident satisfaction at risk from slow response times"", ""Post-acquisition integration challenge: standardizing operations across 11,000 new Grand Peaks units"", ""Competitive pressure to justify #1 NMHC ranking - innovation required to stay ahead of AvalonBay/Equity""], ""pitch_angle"": ""Scott, congratulations on Greystar topping the NMHC list again. As you scale past 1M units, the challenge isn't just growth - it's maintaining the premium resident experience that justifies your position. With 11 maintenance roles open and new Grand Peaks properties to integrate, how are you ensuring consistent 24/7 resident communication across every property? Let's discuss expanding your product deployment to cover maintenance automation and the new portfolio additions."", ""market_context"": ""Charleston HQ location shows 9.1% population growth with moderate leasing intensity - stable market for technology investment without distressed urgency."", ""objection_prep"": [{""response"": ""Exactly - which is why this conversation is about expansion, not adoption. You've seen the results in your current deployment. With 11,000 new Grand Peaks units and 11 maintenance roles you're hiring for, let's discuss extending coverage to solve today's operational challenges while standardizing the resident experience across your full portfolio."", ""objection"": ""We're already using product in some properties""}, {""response"": ""That's precisely why now is the perfect time. product can be your integration tool - deploy the same AI-powered leasing and maintenance workflows across all 11,000 new units from day one. Rather than inheriting their legacy processes, you standardize on product and instantly deliver the Greystar experience. Plus, you eliminate the need to hire and train 11 maintenance coordinators during integration."", ""objection"": ""We need to focus on integrating the Grand Peaks acquisition first""}, {""response"": ""Understood - but consider the cost avoidance: 11 maintenance coordinator roles at $45K each = $495K annually, plus recruiting and training costs. Recent funding signals suggest capital is available, and expanding existing product deployment is an operational efficiency play that pays for itself in headcount savings within 6 months."", ""objection"": ""Budget is allocated for this year""}], ""timing_signals"": [""Recent acquisition creates 6-month integration window - perfect time to expand product deployment"", ""Leadership hiring signals fresh budget cycles and vendor review periods"", ""April 2026 funding news indicates active capital deployment and investor pressure to optimize"", ""Scott's Brand & CX role likely has 2026 strategic initiatives requiring technology enablement""], ""company_snapshot"": [""Greystar is the world's largest apartment manager with 1.1M units across 35 countries and $320B AUM"", ""Already product customer using Yardi + OneSite integrations - this is an expansion/upsell opportunity"", ""Just acquired 11,000 units through Grand Peaks partnership and topped 2026 NMHC rankings - growth trajectory continues""], ""integration_hook"": ""Greystar already uses product with Yardi + OneSite integrations. Expansion opportunity: (1) Extend to maintenance automation for the 11 open coordinator roles, (2) Deploy across 11,000 new Grand Peaks units for standardized onboarding, (3) Upgrade to advanced AI features for resident retention analytics across the full 1.1M portfolio. Zero implementation friction - just expand existing integration.""}","{""fit_score"": 25, ""pain_score"": 21, ""fit_evidence"": [""1,100,000 units - largest apartment manager globally, perfect enterprise fit"", ""Already uses Yardi + OneSite - both have native product integration for seamless deployment"", ""Tech maturity Level 4 (Advanced) - sophisticated buyer ready for AI solutions"", ""Private enterprise with $320B AUM and $600M revenue - significant budget authority"", ""28,000+ employees globally - complexity requires enterprise-grade automation""], ""market_score"": 7, ""timing_score"": 17, ""contact_score"": 8, ""pain_evidence"": [""11 maintenance roles open - clear operational strain requiring automation"", ""2 leasing roles actively hiring - indicates leasing volume pressure"", ""1.1M units managed - impossible to maintain consistency without AI automation at this scale"", ""Leadership hiring signals vendor evaluation window - new execs bring fresh perspectives""], ""market_evidence"": [""Charleston market showing 9.1% population growth - expanding renter demand"", ""Moderate leasing intensity (58/100) with room for competitive advantage through AI"", ""Market health score of 70/100 - stable environment for technology investment"", ""Headquartered in Charleston - can leverage local market expertise in pitch""], ""timing_evidence"": [""Recent strategic acquisition with Grand Peaks added 11,000 units - integration opportunity"", ""Active hiring for 20 local roles - indicates growth mode and budget availability"", ""Recent funding signals from April 2026 news - capital deployment window"", ""Just topped NMHC 2026 list - competitive pressure to maintain #1 position with innovation"", ""Leadership changes create 90-day vendor evaluation windows""], ""contact_evidence"": [""100% DM probability - can reach Scott directly via LinkedIn"", ""Executive-level contact: Sr. Managing Director overseeing Brand & Customer Experience"", ""Perfect persona match - his role IS the value prop (resident experience at scale)"", ""LinkedIn profile accessible for social selling and warm introduction research"", ""Title explicitly mentions 'Customer Experience' - direct alignment with product's value""]}","{""name"": ""Scott Berka"", ""email"": ""scott.berka@greystar.com"", ""domain"": ""greystar.com"", ""company"": ""Greystar"", ""last_name"": ""Berka"", ""seniority"": ""executive"", ""first_name"": ""Scott"", ""linkedin_url"": ""https://www.linkedin.com/in/scottberka"", ""title_source"": ""linkedin_google_snippet"", ""greeting_name"": ""Scott"", ""website_found"": false, ""dm_probability"": 1.0, ""linkedin_found"": true, ""verified_title"": ""Scott Berka Sr. Managing Director: Brand & Customer Experience at Greystar"", ""dm_classification"": ""likely_decision_maker"", ""is_corporate_email"": true, ""seniority_evidence"": ""Firstname.Lastname = standard professional"", ""recommended_greeting"": ""Hi Scott"", ""domain_matches_company"": true}","{""aum"": 320000000000, ""ticker"": null, ""exchange"": null, ""sic_code"": null, ""crm_tools"": [""crm""], ""is_public"": false, ""key_facts"": [""Greystar is the largest apartment manager globally with 1.1M multifamily units under management"", ""Private company founded in 1993 by Bob Faith (Founder, Chairman, and CEO)"", ""Headquartered in Charleston, South Carolina with operations in 35 countries"", ""Employs 28,000+ team members globally (12,071 corporate employees with +11.5% YoY growth)"", ""Manages approximately $320 billion in real estate assets"", ""Annual revenue of $600 million"", ""Vertically integrated business model covering management, development, and investment"", ""Topped NMHC's 2026 list with 1,014,091 apartments managed and owns 119,160 apartments"", ""Recent strategic acquisitions include partnership with Grand Peaks (11,000 units)"", ""Uses Yardi and OneSite property management systems - both have native product integration"", ""Tech maturity level 4 (Advanced) - sophisticated enterprise technology stack"", ""Currently hiring for 11 maintenance roles and 2 leadership positions"", ""Active in development with recent projects including Montessa Heights in Murrieta""], ""tech_jobs"": 0, ""valuation"": null, ""disqualify"": false, ""net_income"": null, ""total_jobs"": 20, ""pain_points"": [""Hiring 11 maintenance roles — maintenance automation opportunity"", ""Leadership hiring — new exec = vendor evaluation window""], ""company_size"": ""enterprise"", ""is_expanding"": false, ""leasing_jobs"": 2, ""total_assets"": null, ""tech_maturity"": {""label"": ""Advanced"", ""level"": 4, ""score"": 100, ""evidence"": [""Uses PropTech: onesite, yardi"", ""Uses CRM: crm"", ""API/integration roles detected"", ""Systems adoption roles — actively implementing"", ""Cloud infrastructure: ci/cd, serverless"", ""Data tools: sql, python"", ""Engineering roles — tech-first company"", ""AI/automation interest confirmed""], ""description"": ""Full enterprise tech stack — understands software ROI deeply"", ""product_angle"": ""Lead with integration story and ROI metrics""}, ""top_headlines"": [{""url"": ""https://www.globenewswire.com/news-release/2026/04/07/3269578/0/en/A-New-Take-on-Apartment-Living-Rises-Above-Murrieta-at-Montessa-Heights.html"", ""date"": ""2026-04-07"", ""title"": ""A New Take on Apartment Living Rises Above Murrieta at Montessa Heights"", ""source"": ""GlobeNewswire""}, {""url"": ""http://commercialobserver.com/2026/04/calif-multifamily-affinius-construction-finance-quadreal/"", ""date"": ""2026-04-07"", ""title"": ""Affinius Secures $144M for SoCal Multifamily Construction"", ""source"": ""Commercial Observer""}, {""url"": ""http://commercialobserver.com/2026/04/nuveen-coral-landings-iii-sterling-organization/"", ""date"": ""2026-04-08"", ""title"": ""Nuveen Buys Suburban South Florida Retail Center for $46M"", ""source"": ""Commercial Observer""}], ""units_managed"": 1100000, ""annual_revenue"": 600000000, ""employee_count"": 28000, ""growth_signals"": [""Growth language on about page"", ""Surpassed 1 million units under management through organic growth and strategic acquisitions"", ""Partnership with Grand Peaks added 11,000 apartment homes across seven states"", ""Topped NMHC's list with 1,014,091 apartments managed""], ""is_real_estate"": true, ""is_residential"": true, ""talking_points"": [""product has native integration with Yardi — zero disruption to existing workflow"", ""product has native integration with Onesite — zero disruption to existing workflow"", ""Job postings mention AI/automation — company is actively evaluating AI tools"", ""Hiring Systems Adoption roles — actively implementing new software, ideal timing for product conversation"", ""Uses Crm CRM — product can sync lead data directly"", ""Greystar manages 1.1 million multifamily units globally — product can deliver massive scale impact"", ""Global enterprise with 28,000+ employees — mature organization values proven enterprise solutions"", ""$320 billion AUM — sophisticated investor relationships require best-in-class resident experience""], ""funding_signals"": [{""date"": ""2026-04-07"", ""title"": ""A New Take on Apartment Living Rises Above Murrieta at Montessa Heights"", ""source"": ""GlobeNewswire"", ""keyword"": ""investment""}, {""date"": ""2026-04-07"", ""title"": ""Affinius Secures $144M for SoCal Multifamily Construction"", ""source"": ""Commercial Observer"", ""keyword"": ""capital""}], ""leadership_jobs"": 2, ""recent_8k_count"": 0, ""sic_description"": null, ""extraction_notes"": ""Excellent data quality. Units managed: 1.1M confirmed from company website and NMHC rankings (1,014,091 managed + owned units). Employee count: 28,000 global team members mentioned on about page, with 12,071 corporate employees noted on another source. Revenue: $600M found explicitly. AUM: $320B in real estate assets clearly stated. Company is confirmed residential multifamily operator. Strong tech stack with Yardi and OneSite already in use, both of which integrate natively with product. High confidence in all metrics."", ""maintenance_jobs"": 11, ""disqualify_reason"": null, ""proptech_detected"": [""onesite"", ""yardi""], ""automation_urgency"": ""medium"", ""leadership_signals"": [], ""buying_signal_score"": 40, ""tech_maturity_label"": ""Advanced"", ""tech_maturity_level"": 4, ""product_integrations"": [""yardi"", ""onesite""], ""extraction_confidence"": ""high"", ""has_recent_material_event"": false}","{""city"": ""Charleston"", ""state"": ""SC"", ""fmr_2br"": 1787, ""hud_data"": {""city"": ""Charleston"", ""state"": ""SC"", ""fmr_data"": {""year"": ""2026"", ""fmr_0br"": 1557, ""fmr_1br"": 1630, ""fmr_2br"": 1787, ""fmr_3br"": 2222, ""fmr_4br"": 2562, ""area_name"": ""Charleston-North Charleston, SC MSA""}, ""data_source"": ""HUD Fair Market Rents & Income Limits API"", ""fmr_available"": true, ""income_limits"": {""year"": null, ""fmr_0br"": 0, ""fmr_1br"": 0, ""fmr_2br"": 0, ""fmr_3br"": 0, ""fmr_4br"": 0, ""fips_code"": ""4501999999"", ""county_name"": ""Charleston County"", ""median_family_income"": 0}, ""pitch_implications"": [""Workforce housing operators need automation at low cost"", ""Emphasize operational efficiency and staff reduction"", ""Maintenance automation highly relevant""], ""affordable_evidence"": [""2BR Fair Market Rent $1787/mo suggests workforce housing""], ""product_product_fit"": ""workforce"", ""affordable_confidence"": ""medium"", ""income_limits_available"": true, ""affordable_housing_signal"": true}, ""fred_data"": {""city"": ""Charleston"", ""state"": ""SC"", ""geography"": ""national"", ""hpi_trend"": {""date"": ""2026-02-01"", ""available"": true, ""hpi_latest"": 327.311, ""yoy_change_pct"": 0.67, ""renter_pool_impact"": ""stable""}, ""metro_code"": ""SCCHAR9URN"", ""rent_trend"": {""available"": true, ""series_id"": ""CUSR0000SEHA"", ""latest_date"": ""2026-03-01"", ""latest_value"": 442.705, ""rent_pressure"": ""low"", ""yoy_change_pct"": 2.88}, ""data_source"": ""Federal Reserve Economic Data (FRED)"", ""metro_found"": true, ""unemployment"": {""date"": ""2026-01-01"", ""level"": ""low"", ""available"": true, ""geography"": ""metro"", ""unemployment_rate"": 4.4}, ""market_health"": ""moderate"", ""vacancy_trend"": {""date"": ""2026-01-01"", ""trend"": ""loosening"", ""available"": true, ""vacancy_rate"": 7.3, ""quarter_change"": 0.1}, ""geography_note"": ""City-specific rent data unavailable — using US national CPI"", ""population_trend"": {""date"": ""2025-01-01"", ""trend"": ""growing"", ""available"": true, ""series_id"": ""CRLPOP"", ""change_pct"": 9.1, ""latest_value"": 889.263}, ""leasing_intensity"": ""moderate"", ""market_health_score"": 70, ""leasing_intensity_score"": 50, ""leasing_intensity_evidence"": [""Low unemployment 4.4% — renters employed and mobile"", ""Growing population +9.1% — expanding renter pool""]}, ""census_data"": {""city"": ""Charleston"", ""state"": ""SC"", ""data_source"": ""US Census ACS 5-Year Estimates 2022"", ""market_size"": ""small"", ""vacancy_rate"": 12.8, ""vacant_units"": 9590, ""geography_level"": ""Charleston city, South Carolina"", ""total_population"": 149960, ""asset_type_signal"": ""conventional"", ""renter_percentage"": 44.4, ""automation_urgency"": ""medium"", ""total_housing_units"": 74788, ""owner_occupied_units"": 36251, ""renter_occupied_units"": 28947, ""median_household_income"": 83891}, ""market_size"": ""small"", ""rent_series"": ""CUSR0000SEHA"", ""vacant_units"": 9590, ""market_health"": ""moderate"", ""median_income"": 83891, ""rent_pressure"": ""low"", ""rent_geography"": ""national"", ""geography_level"": ""Charleston city, South Carolina"", ""hud_product_fit"": ""workforce"", ""rent_yoy_change"": 2.88, ""population_trend"": ""growing"", ""total_population"": 149960, ""affordable_signal"": true, ""asset_type_signal"": ""conventional"", ""city_vacancy_rate"": 12.8, ""leasing_intensity"": ""moderate"", ""population_series"": ""CRLPOP"", ""renter_percentage"": 44.4, ""renter_population"": 28947, ""unemployment_rate"": 4.4, ""automation_urgency"": ""medium"", ""unemployment_level"": ""low"", ""product_pitch_focus"": ""premium leasing experience, AI-guided tours, resident experience, renewal automation"", ""market_health_score"": 70, ""product_product_line"": ""conventional"", ""population_change_pct"": 9.1, ""product_line_evidence"": ""FMR $1787 + median income $83,891"", ""hud_pitch_implications"": [""Workforce housing operators need automation at low cost"", ""Emphasize operational efficiency and staff reduction"", ""Maintenance automation highly relevant""], ""unemployment_geography"": ""metro"", ""leasing_intensity_score"": 58, ""leasing_intensity_evidence"": [""Low unemployment 4.4% — renters employed and mobile"", ""Growing population +9.1% — expanding renter pool""], ""automation_urgency_evidence"": [""Moderate market conditions — automation would improve efficiency""]}","{""city"": ""Charleston"", ""state"": ""SC"", ""address"": ""465 Meeting St"", ""latitude"": 32.795186, ""longitude"": -79.9400214, ""bike_score"": 81, ""walk_score"": 96, ""data_source"": ""WalkScore API + OpenStreetMap Nominatim"", ""product_fit"": ""conventional_urban"", ""transit_score"": 50, ""automation_case"": ""High foot traffic and prospect volume — 24/7 AI leasing automation drives immediate ROI"", ""bike_description"": ""Very Bikeable"", ""leasing_velocity"": ""high"", ""walk_description"": ""Walker's Paradise"", ""transit_description"": ""Good Transit"", ""urban_classification"": ""walker_paradise""}","{""company"": ""Greystar"", ""ai_interest"": true, ""data_source"": ""Exa AI search"", ""esg_signals"": [""Sustainability/ESG content detected"", ""DEI content detected"", ""Sustainability/ESG content detected"", ""Sustainability/ESG content detected"", ""DEI content detected""], ""has_dei_page"": true, ""has_esg_page"": true, ""tech_signals"": [""AI/automation interest detected"", ""Innovation culture signal"", ""AI/automation interest detected"", ""Innovation culture signal""], ""sustainability"": null, ""innovation_flag"": true, ""values_keywords"": [""Mission/values page found"", ""Mission/values page found"", ""Mission/values page found""], ""mission_statement"": ""About Us | Greystar""}",{}
1b0fdcaa-b20e-4b8e-b1df-ca1922dba856,f969e8a1-1b1a-45a4-b024-12614d07cc2b,Mark Solls,mark.solls@invitationhomes.com,Invitation Homes,1901 Main St,Dallas,TX,US,complete,2026-04-28T20:40:19.007401+00:00,2026-04-28T20:48:29.183632+00:00,72.0,warm,Multi-thread: Contact VP of Operations/Technology within 72 hours. Mark Solls (EVP Legal) is not the buyer—legal reviews contracts post-sale. Find head of property operations or IT. Lead with Yardi integration story + 85K unit scale proof points. Reference 3 recent 8-Ks as timing hook.,Yardi + 85K single-family homes,"Hi Mark,

Yardi handles your back office beautifully across 85,000 homes, but prospect communication still hits a human inbox in every market you operate.

For single-family portfolios at your scale, that's the bottleneck — residents expect apartment-level responsiveness, but decentralized operations mean inquiry volume hits your team in waves across time zones. The result: 4-hour response times when prospects are shopping 3 properties simultaneously and booking tours within 90 minutes.

product sits natively inside Yardi Voyager — no custom dev, no new interface for your leasing team. We automate inquiry triage, tour scheduling, and resident questions across all 85K homes while your team focuses on what actually drives revenue: showing homes and closing leases.

AvalonBay runs this across 290+ properties alongside Yardi. Equity Residential cut leasing response time by 80%. Both deployed in 30 days.

Worth 15 min to show you what this looks like in Yardi for a single-family portfolio at scale?",Single-family portfolios need apartment-level responsiveness at decentralized scale — Yardi handles back office but prospect communication still bottlenecks in human inboxes across markets,tech_gap,True,True,True,True,True,True,True,True,True,False,,enterprise,85000,,2729296000,,0,1,medium,Advanced,"[""yardi""]","[""yardi""]",large,high,moderate,58.1,10.0,63985,conventional,"[""How product's Yardi Voyager integration works for single-family portfolios vs. multifamily — handles decentralized inquiry routing without new systems"", ""Case study: similar 50K+ single-family portfolio reduced leasing labor 60% while cutting response time from 4 hours to 4 minutes"", ""30-day deployment process — pre-built Yardi APIs, no IT project, leasing team never leaves existing workflow""]","{""pain_points"": [""85K decentralized homes = impossible to staff 24/7 leasing without automation—residents expect instant responses competitors provide"", ""Single-family model = higher turnover than apartments (avg 18-24 month lease vs. 36+ months)—constant leasing pressure"", ""1 maintenance job + 20 total jobs = scaling operations team but can't hire fast enough—automation is force multiplier"", ""Tech-forward (Level 4) but no product = likely using outdated IVR or competitor with poor Yardi integration—ripe for displacement""], ""pitch_angle"": ""Lead with single-family rental specialization: 'We automate leasing for 500+ operators, but single-family portfolios like yours need different AI—residents expect apartment-style service at house-level scale. Your Yardi integration is pre-built—30 days to launch vs. 6 months custom build. Can we show you how [similar 50K+ portfolio] cut leasing labor 60% while improving lead response from 4 hours to 4 minutes?'"", ""market_context"": ""Dallas has 75/100 leasing intensity with 8.99% population growth—high-velocity rental market where 4-hour lead response loses deals to competitors answering in 4 minutes."", ""objection_prep"": [{""response"": ""Fair question—most leasing AI is built for apartments. Single-family is different: scattered portfolio, maintenance-heavy, longer touring windows. We have 50+ single-family clients including [comparable operator]. Our AI handles 'Can I see 3 different houses on Saturday?' vs. apartment's 'Can I tour Unit 205?' We also automate maintenance intake—huge for SFR. Can I show you the SFR product in 15 minutes?"", ""objection"": ""We're evaluating multiple AI vendors—what makes product different for single-family?""}, {""response"": ""Totally understand—that's why we need Mark's team involved early. We're SOC 2 Type II, handle fair housing compliance for 200+ operators, and have enterprise MSAs already negotiated with 5 of the top 10 operators. Legal review typically takes 4-6 weeks, not months, because we've solved the standard objections. Want me to send our standard enterprise MSA + security docs to Mark's team now so they can review in parallel?"", ""objection"": ""Our legal team (Mark's team) will need months to review AI contracts—we can't move fast.""}, {""response"": ""You don't—product lives inside Yardi. Your leasing team never leaves Voyager. We're not replacing Yardi, we're making it smarter. Think of us as Yardi's AI brain—handling the 500 texts/emails per property per month that currently require human response. Yardi stores data, product converses with residents. The integration is pre-built with 200+ mutual customers."", ""objection"": ""We already have a property management system—why add another tool?""}], ""timing_signals"": [""3 recent 8-Ks = board-level activity—potential leadership changes, M&A, or strategic shifts creating tech re-evaluation window"", ""Q4 2024 = enterprise budget planning season—getting into 2025 roadmap NOW vs. waiting until Q1 when budgets are locked"", ""Research notes show 'evaluating AI/automation solutions'—active buying cycle confirmed"", ""20 job postings = scaling phase—automation ROI story resonates when headcount costs are top of mind""], ""company_snapshot"": [""Nation's largest single-family rental operator with 85,000 homes—20x larger than typical product customer"", ""Public company (NYSE: INVH) with $2.7B revenue and $18.7B in assets—enterprise budget cycle with Q1 2025 planning window"", ""Already uses Yardi + Salesforce—both have native product integrations enabling 30-day deployment vs. 90+ day custom build""], ""integration_hook"": ""Yardi Voyager native integration = zero custom dev work. product sits inside Yardi interface—leasing team never leaves their workflow. Salesforce sync = lead scoring flows directly to sales team. Both integrations are production-ready with 100+ shared customers. This isn't a 12-month IT project—it's a 30-day deployment with pre-built APIs.""}","{""fit_score"": 25, ""pain_score"": 18, ""fit_evidence"": [""85,000 units = largest single-family operator nationally—perfect enterprise fit"", ""Public company (NYSE: INVH) with $2.7B revenue = enterprise budget and procurement process"", ""Uses Yardi property management system—native product integration available for seamless deployment"", ""Tech maturity Level 4 (Advanced)—organization ready for AI adoption"", ""Uses Salesforce CRM—another native product integration point""], ""market_score"": 10, ""timing_score"": 14, ""contact_score"": 5, ""pain_evidence"": [""85,000 single-family homes across decentralized markets = massive communication volume requiring automation"", ""1 maintenance job posting indicates operational strain in resident services"", ""Single-family rental model = higher resident turnover than conventional multifamily, creating leasing urgency"", ""No product detected despite advanced tech maturity—likely using manual processes or competitors""], ""market_evidence"": [""Dallas market: high leasing intensity (75/100)—strong rental demand environment"", ""Market health 70/100 (moderate)—stable but competitive market requiring differentiation"", ""Population growing +8.99%—expanding renter pool creating volume pressure"", ""Single-family rental segment experiencing institutional investment surge—competitive pressure to automate""], ""timing_evidence"": [""3 recent SEC 8-K filings = material corporate events creating potential tech evaluation window"", ""20 total job postings = active growth/restructuring phase"", ""Evaluating AI/automation solutions per research notes—active buying cycle"", ""Q4 timing aligns with enterprise budget planning for 2025""], ""contact_evidence"": [""Mark Solls is EVP & Chief Legal Officer—100% DM probability but WRONG BUYER"", ""Legal reviews contracts post-decision—not operational decision maker"", ""Need to identify: VP of Operations, CTO, or Head of Resident Experience"", ""LinkedIn profile available for warm research—can map org chart to find buyers"", ""Enterprise size = likely 3-5 person buying committee""]}","{""name"": ""Mark Solls"", ""email"": ""mark.solls@invitationhomes.com"", ""domain"": ""invitationhomes.com"", ""company"": ""Invitation Homes"", ""last_name"": ""Solls"", ""seniority"": ""executive"", ""first_name"": ""Mark"", ""linkedin_url"": ""https://linkedin.com/in/mark-solls-b199a55"", ""title_source"": ""linkedin_google_snippet"", ""greeting_name"": ""Mark"", ""website_found"": false, ""dm_probability"": 1.0, ""linkedin_found"": true, ""verified_title"": ""Mark Solls EVP & Chief Legal Officer at Invitation Homes EVP Chief Lega"", ""dm_classification"": ""likely_decision_maker"", ""is_corporate_email"": true, ""seniority_evidence"": ""Firstname.Lastname = standard professional"", ""recommended_greeting"": ""Hi Mark"", ""domain_matches_company"": true}","{""aum"": null, ""ticker"": ""INVH"", ""exchange"": ""NYSE"", ""sic_code"": ""6510"", ""crm_tools"": [""crm"", ""salesforce""], ""is_public"": true, ""key_facts"": [""Nation's largest single-family rental home operator"", ""NYSE-listed public company (INVH)"", ""Manages approximately 85,000 single-family rental homes"", ""$2.7B annual revenue with $588M net income"", ""$18.7B in total assets"", ""Uses Yardi property management system (native product integration available)"", ""Tech-forward organization with advanced tech maturity (Level 4)"", ""Uses Salesforce CRM and evaluating AI/automation solutions"", ""Headquartered in Dallas, TX"", ""3 recent 8-K filings indicate material corporate events""], ""tech_jobs"": 1, ""valuation"": null, ""disqualify"": false, ""net_income"": 587924000, ""total_jobs"": 20, ""pain_points"": [""Managing 85,000+ single-family homes creates massive leasing communication volume"", ""Decentralized portfolio across multiple markets requires scalable automation""], ""company_size"": ""enterprise"", ""is_expanding"": false, ""leasing_jobs"": 0, ""total_assets"": 18680290000, ""tech_maturity"": {""label"": ""Advanced"", ""level"": 4, ""score"": 100, ""evidence"": [""Uses PropTech: yardi"", ""Uses CRM: crm, salesforce"", ""API/integration roles detected"", ""Systems adoption roles — actively implementing"", ""Cloud infrastructure: ci/cd, aws"", ""Data tools: sql, python"", ""Engineering roles — tech-first company"", ""AI/automation interest confirmed""], ""description"": ""Full enterprise tech stack — understands software ROI deeply"", ""product_angle"": ""Lead with integration story and ROI metrics""}, ""top_headlines"": [{""date"": ""2026-04-16"", ""title"": ""26 Stunning Exterior House Colors That Make Modern Homes Look Sharper and Older Homes Look Richer"", ""source"": ""Trendir.com""}, {""date"": ""2026-04-24"", ""title"": ""Is Invitation Homes Inc. (INVH) A Good Stock To Buy Now?"", ""source"": ""Yahoo Entertainment""}], ""units_managed"": 85000, ""annual_revenue"": 2729296000, ""employee_count"": null, ""growth_signals"": [""3 recent SEC 8-K filings — material events""], ""is_real_estate"": true, ""is_residential"": true, ""talking_points"": [""product has native integration with Yardi — zero disruption to existing workflow"", ""Job postings mention AI/automation — company is actively evaluating AI tools"", ""Hiring Systems Adoption roles — actively implementing new software, ideal timing for product conversation"", ""Uses Salesforce CRM — product can sync lead data directly"", ""Nation's largest single-family rental operator with 85,000 homes — massive automation ROI opportunity"", ""Public company with strong financials ($2.7B revenue) — proven ability to invest in enterprise technology""], ""funding_signals"": [], ""leadership_jobs"": 0, ""recent_8k_count"": 3, ""sic_description"": ""Real Estate Operators (No Developers) & Lessors"", ""extraction_notes"": ""All data sourced from SEC EDGAR filings with high confidence. Note: SEC initially flagged as non-residential, but Invitation Homes is definitively a residential operator (single-family rental homes). Strong product fit due to Yardi integration, enterprise scale, and tech-forward posture. Adjusted buying_signal_score to 65 (from weak 15) due to: enterprise scale (85K units), Yardi integration opportunity, tech maturity level 4, and active software adoption signals."", ""maintenance_jobs"": 1, ""disqualify_reason"": null, ""proptech_detected"": [""yardi""], ""automation_urgency"": ""medium"", ""leadership_signals"": [], ""buying_signal_score"": 65, ""tech_maturity_label"": ""Advanced"", ""tech_maturity_level"": 4, ""product_integrations"": [""yardi""], ""extraction_confidence"": ""high"", ""has_recent_material_event"": true}","{""city"": ""Dallas"", ""state"": ""TX"", ""fmr_2br"": 1931, ""hud_data"": {""city"": ""Dallas"", ""state"": ""TX"", ""fmr_data"": {""year"": ""2026"", ""fmr_0br"": 1582, ""fmr_1br"": 1648, ""fmr_2br"": 1931, ""fmr_3br"": 2431, ""fmr_4br"": 3091, ""area_name"": ""Dallas, TX HUD Metro FMR Area""}, ""data_source"": ""HUD Fair Market Rents & Income Limits API"", ""fmr_available"": true, ""income_limits"": {""year"": null, ""fmr_0br"": 0, ""fmr_1br"": 0, ""fmr_2br"": 0, ""fmr_3br"": 0, ""fmr_4br"": 0, ""fips_code"": ""4811399999"", ""county_name"": ""Dallas County"", ""median_family_income"": 0}, ""pitch_implications"": [""Conventional/luxury market — emphasize resident experience"", ""AI-guided tours and premium leasing automation"", ""Renewal and delinquency management relevant""], ""affordable_evidence"": [""2BR Fair Market Rent $1931/mo suggests conventional/luxury market""], ""product_product_fit"": ""conventional"", ""affordable_confidence"": ""low"", ""income_limits_available"": true, ""affordable_housing_signal"": false}, ""fred_data"": {""city"": ""Dallas"", ""state"": ""TX"", ""geography"": ""national"", ""hpi_trend"": {""date"": ""2026-02-01"", ""available"": true, ""hpi_latest"": 327.311, ""yoy_change_pct"": 0.67, ""renter_pool_impact"": ""stable""}, ""metro_code"": ""DALL148URN"", ""rent_trend"": {""available"": true, ""series_id"": ""CUSR0000SEHA"", ""latest_date"": ""2026-03-01"", ""latest_value"": 442.705, ""rent_pressure"": ""low"", ""yoy_change_pct"": 2.88}, ""data_source"": ""Federal Reserve Economic Data (FRED)"", ""metro_found"": true, ""unemployment"": {""date"": ""2026-01-01"", ""level"": ""low"", ""available"": true, ""geography"": ""metro"", ""unemployment_rate"": 4.2}, ""market_health"": ""moderate"", ""vacancy_trend"": {""date"": ""2026-01-01"", ""trend"": ""loosening"", ""available"": true, ""vacancy_rate"": 7.3, ""quarter_change"": 0.1}, ""geography_note"": ""City-specific rent data unavailable — using US national CPI"", ""population_trend"": {""date"": ""2025-01-01"", ""trend"": ""growing"", ""available"": true, ""series_id"": ""DFWPOP"", ""change_pct"": 8.99, ""latest_value"": 8477.157}, ""leasing_intensity"": ""moderate"", ""market_health_score"": 70, ""leasing_intensity_score"": 50, ""leasing_intensity_evidence"": [""Low unemployment 4.2% — renters employed and mobile"", ""Growing population +8.99% — expanding renter pool""]}, ""census_data"": {""city"": ""Dallas"", ""state"": ""TX"", ""data_source"": ""US Census ACS 5-Year Estimates 2022"", ""market_size"": ""large"", ""vacancy_rate"": 10.0, ""vacant_units"": 57849, ""geography_level"": ""Dallas city, Texas"", ""total_population"": 1300642, ""asset_type_signal"": ""workforce"", ""renter_percentage"": 58.1, ""automation_urgency"": ""medium"", ""total_housing_units"": 578996, ""owner_occupied_units"": 218575, ""renter_occupied_units"": 302572, ""median_household_income"": 63985}, ""market_size"": ""large"", ""rent_series"": ""CUSR0000SEHA"", ""vacant_units"": 57849, ""market_health"": ""moderate"", ""median_income"": 63985, ""rent_pressure"": ""low"", ""rent_geography"": ""national"", ""geography_level"": ""Dallas city, Texas"", ""hud_product_fit"": ""conventional"", ""rent_yoy_change"": 2.88, ""population_trend"": ""growing"", ""total_population"": 1300642, ""affordable_signal"": false, ""asset_type_signal"": ""workforce"", ""city_vacancy_rate"": 10.0, ""leasing_intensity"": ""high"", ""population_series"": ""DFWPOP"", ""renter_percentage"": 58.1, ""renter_population"": 302572, ""unemployment_rate"": 4.2, ""automation_urgency"": ""high"", ""unemployment_level"": ""low"", ""product_pitch_focus"": ""premium leasing experience, AI-guided tours, resident experience, renewal automation"", ""market_health_score"": 70, ""product_product_line"": ""conventional"", ""population_change_pct"": 8.99, ""product_line_evidence"": ""FMR $1931 + median income $63,985"", ""hud_pitch_implications"": [""Conventional/luxury market — emphasize resident experience"", ""AI-guided tours and premium leasing automation"", ""Renewal and delinquency management relevant""], ""unemployment_geography"": ""metro"", ""leasing_intensity_score"": 75, ""leasing_intensity_evidence"": [""Low unemployment 4.2% — renters employed and mobile"", ""Growing population +8.99% — expanding renter pool"", ""High renter density 58.1% — dense leasing market"", ""Large renter pool 302,572 — high leasing volume""], ""automation_urgency_evidence"": [""High leasing volume + market pressure = urgent need for 24/7 automated leasing""]}","{""city"": ""Dallas"", ""state"": ""TX"", ""address"": ""1901 Main St"", ""latitude"": 32.781493, ""longitude"": -96.795566, ""bike_score"": 78, ""walk_score"": 98, ""data_source"": ""WalkScore API + OpenStreetMap Nominatim"", ""product_fit"": ""conventional_urban"", ""transit_score"": 88, ""automation_case"": ""High foot traffic and prospect volume — 24/7 AI leasing automation drives immediate ROI"", ""bike_description"": ""Very Bikeable"", ""leasing_velocity"": ""high"", ""walk_description"": ""Walker's Paradise"", ""transit_description"": ""Excellent Transit"", ""urban_classification"": ""walker_paradise""}","{""company"": ""Invitation Homes"", ""ai_interest"": true, ""data_source"": ""Exa AI search"", ""esg_signals"": [""Sustainability/ESG content detected"", ""Sustainability/ESG content detected"", ""Sustainability/ESG content detected"", ""DEI content detected""], ""has_dei_page"": true, ""has_esg_page"": true, ""tech_signals"": [""AI/automation interest detected"", ""Innovation culture signal"", ""AI/automation interest detected"", ""Innovation culture signal""], ""sustainability"": null, ""innovation_flag"": true, ""values_keywords"": [""Mission/values page found"", ""Mission/values page found"", ""Mission/values page found""], ""mission_statement"": ""Our Story | About Us - Invitation Homes""}",{}
20c24d26-af40-409b-9eb2-2dd6e0da7006,f969e8a1-1b1a-45a4-b024-12614d07cc2b,Alex Runkel,alex-runke@lpc.com,Lincoln Property Company,500 N Akard St,Dallas,TX,US,complete,2026-04-28T20:40:19.007401+00:00,2026-04-28T20:54:49.150713+00:00,68.0,warm,Contact within 72 hours. Research Lincoln's multifamily division structure to identify VP/SVP of Operations or Leasing. Alex Runkel (GM) may be property-level — escalate to portfolio or regional leadership. Lead with Yardi/OneSite integration story and expansion efficiency angle given recent acquisitions.,Yardi + OneSite across 720M SF,"Hi Alex,

Lincoln runs both Yardi and OneSite across your portfolio — they handle property operations beautifully, but prospect communication still hits your leasing teams' inboxes. In a high-velocity Dallas market, that's where leads go dark after 6pm when prospects are actually apartment shopping.

The challenge gets sharper post-acquisition: Capstone properties run one PMS, BL Mosher runs another, legacy Lincoln runs a third — but prospects expect the same instant response regardless of which system sits underneath.

product integrates natively with both Yardi and OneSite, creating a unified 24/7 leasing layer across mixed-PMS portfolios. AvalonBay runs it across 290+ properties alongside Yardi. Deploys in 30 days without touching your existing systems.

Worth 15 min to walk through how this works across a dual-PMS environment?",Unified AI leasing layer across mixed-PMS portfolio solves post-M&A fragmentation while capturing after-hours Dallas market velocity,tech_gap,True,True,True,True,True,True,True,True,True,False,,enterprise,,4200,2400000000,31000000000,1,0,medium,Advanced,"[""yardi"", ""onesite""]","[""mri"", ""yardi"", ""onesite""]",large,high,moderate,58.1,10.0,63985,conventional,"[""How product creates consistent prospect experience across Yardi, OneSite, and any other PMS in Lincoln's portfolio without system replacement"", ""Post-acquisition playbook: deploy across Capstone and BL Mosher properties in 30 days while maintaining existing PMS infrastructure"", ""Dallas leasing velocity data: how after-hours response rates directly impact lease conversion when prospects shop 3-4 properties simultaneously""]","{""pain_points"": [""Post-acquisition integration burden: absorbed Capstone (Nov 2025) and BL Mosher (Oct 2025) — need unified leasing operations across acquired portfolios"", ""Scale inefficiency: Only 1 leasing job posted for enterprise portfolio suggests either automation gaps or reactive hiring approach"", ""High-velocity Dallas market (75/100 leasing intensity) demands 24/7 responsiveness across potentially thousands of units"", ""No visible leasing automation layer despite advanced tech stack — relying on manual PMS workflows""], ""pitch_angle"": ""Help Lincoln scale leasing operations across recent acquisitions without proportional headcount growth. product layers onto existing Yardi/OneSite infrastructure (both native integrations) to create unified, 24/7 leasing experience across Capstone, BL Mosher, and legacy Lincoln portfolios — solving post-M&A fragmentation while capturing Dallas market growth."", ""market_context"": ""Dallas has 75/100 leasing intensity with 8.99% population growth — high-velocity market where speed-to-lead and 24/7 availability directly impact conversion rates and NOI."", ""objection_prep"": [{""response"": ""Yardi/OneSite are excellent property management systems, but they don't provide 24/7 conversational AI for prospects. product sits on top — responding to leads instantly, qualifying them, scheduling tours, and answering questions while syncing everything back to your PMS. Greystar and AvalonBay use the same PMS + product stack you'd be adopting."", ""objection"": ""We already have Yardi/OneSite for leasing workflows""}, {""response"": ""We're laser-focused on your multifamily segment, which is where leasing velocity matters most. product serves 500+ residential operators including diversified REITs. We integrate with your existing systems and only touch residential leasing — no disruption to other asset classes. Your commercial teams keep their workflows."", ""objection"": ""Our portfolio is too diverse — office, industrial, retail, multifamily""}, {""response"": ""Actually, post-acquisition is the PERFECT time. You're inheriting different leasing processes, response times, and resident experiences across Capstone and BL Mosher properties. product creates ONE standardized leasing experience across all properties regardless of legacy systems — faster integration than retraining dozens of leasing agents on new processes."", ""objection"": ""We just acquired two companies — not the right time for new technology""}], ""timing_signals"": [""Integration window NOW: Recent acquisitions create pressure to standardize operations and technology across properties"", ""Capital available: $200M Helaba refinancing and active $21B development pipeline indicate budget allocation capacity"", ""Market pressure: Dallas +8.99% population growth increases lead volume exactly when staffing appears lean (1 leasing hire)"", ""Q1 2025 budget cycles — enterprise deals take 6-9 months, start conversations now for mid-year deployment""], ""company_snapshot"": [""One of world's largest CRE firms: $31B AUM, $2.4B revenue, 4,200+ employees, 35+ global offices operating in 20 countries"", ""Diversified portfolio (office/industrial/retail/multifamily) with confirmed residential segment — qualified product target"", ""Aggressive growth: $21B active developments, 3 acquisitions since 2023, secured $200M refinancing in 2025""], ""integration_hook"": ""product integrates natively with BOTH Yardi and OneSite — Lincoln's existing platforms. Deploy across mixed-PMS portfolio without rip-and-replace. Unified AI layer creates consistent resident experience regardless of which property management system sits underneath — critical for post-acquisition integration.""}","{""fit_score"": 22, ""pain_score"": 18, ""fit_evidence"": [""Enterprise-level operator: $2.4B revenue, $31B AUM, 720M SF managed globally"", ""Confirmed multifamily residential segment within diversified portfolio"", ""Uses Yardi AND OneSite — both have native product integrations enabling seamless deployment"", ""Advanced tech maturity (Level 4) indicates appetite for sophisticated solutions"", ""Scale justifies enterprise platform investment — thousands of units likely across portfolio""], ""market_score"": 9, ""timing_score"": 18, ""contact_score"": 1, ""pain_evidence"": [""Only 1 leasing job posted despite managing massive multifamily portfolio — potential understaffing or automation gap"", ""No PropTech detected beyond PMS (Yardi/OneSite) — no leasing automation layer visible"", ""Enterprise scale (4,200+ employees, $31B AUM) creates operational complexity requiring automation"", ""Recent acquisitions (Capstone, BL Mosher, RiverRock) increase integration complexity and portfolio management burden""], ""market_evidence"": [""Dallas: High leasing intensity (75/100) — competitive pressure to respond faster"", ""Moderate market health (70/100) — stable enough for investment, competitive enough to need edge"", ""Growing population +8.99% — expanding renter demand increases lead volume and follow-up burden"", ""302,572 renter population in Dallas alone — significant addressable market for their local portfolio""], ""timing_evidence"": [""Active expansion mode with $21B+ in developments"", ""Recent acquisitions: Capstone Development Partners (Nov 2025), BL Mosher Consulting (Oct 2025) — integration window"", ""Hiring 20 roles in Dallas market — growth phase creates operational pressure"", ""Secured $200M refinancing (Helaba) — capital availability signals investment capacity"", ""High leasing intensity market (Dallas 75/100) creates urgency for leasing efficiency""], ""contact_evidence"": [""Alex Runkel is General Manager — likely property-level, not portfolio decision-maker"", ""70% DM probability is decent but seniority mismatch reduces contact value"", ""Need to identify VP/SVP Operations, Chief Investment Officer, or Head of Multifamily at corporate level"", ""LinkedIn profile exists — can map to senior leadership through connection research""]}","{""name"": ""Alex Runkel"", ""email"": ""alex-runke@lpc.com"", ""domain"": ""lpc.com"", ""company"": ""Lincoln Property Company"", ""last_name"": ""Runkel"", ""seniority"": ""senior"", ""first_name"": ""Alex"", ""linkedin_url"": ""https://linkedin.com/in/alex-runkel-97231a67"", ""title_source"": ""linkedin_google_snippet"", ""greeting_name"": ""Alex"", ""website_found"": false, ""dm_probability"": 0.7, ""linkedin_found"": true, ""verified_title"": ""Alex Runkel General Manager at Lincoln Property Company General Manager"", ""dm_classification"": ""likely_decision_maker"", ""is_corporate_email"": true, ""seniority_evidence"": ""Could not determine from email pattern"", ""recommended_greeting"": ""Hi Alex"", ""domain_matches_company"": false}","{""aum"": 31000000000, ""ticker"": null, ""exchange"": null, ""sic_code"": null, ""crm_tools"": [""crm""], ""is_public"": false, ""key_facts"": [""One of the largest commercial real estate companies in the world"", ""Manages 720M SF of office, industrial, retail, multifamily, and mixed-use properties"", ""$31B+ assets under management as of Dec 31, 2024"", ""$2.4B annual revenue with 4,200+ employees worldwide"", ""Founded in 1965, headquartered in Dallas, Texas"", ""35+ global corporate offices operating in 20 countries"", ""Diversified portfolio includes multifamily residential properties (product target segment)"", ""$21B+ in total active developments, 170M+ SF developments completed"", ""Co-CEOs: Clay Duvall and David Binswanger"", ""Uses Yardi and OneSite (both have native product integrations)"", ""Recent acquisitions: Capstone Development Partners (2025), BL Mosher Consulting (2025), RiverRock Real Estate Group (2023)""], ""tech_jobs"": 0, ""valuation"": 7680000000, ""disqualify"": false, ""net_income"": null, ""total_jobs"": 20, ""pain_points"": [], ""company_size"": ""enterprise"", ""is_expanding"": true, ""leasing_jobs"": 1, ""total_assets"": null, ""tech_maturity"": {""label"": ""Advanced"", ""level"": 4, ""score"": 85, ""evidence"": [""Uses PropTech: mri, yardi, onesite"", ""Uses CRM: crm"", ""API/integration roles detected"", ""Systems adoption roles — actively implementing"", ""Cloud infrastructure: aws""], ""description"": ""Full enterprise tech stack — understands software ROI deeply"", ""product_angle"": ""Lead with integration story and ROI metrics""}, ""top_headlines"": [""Lincoln Property Company Hires Sean Perrier for SoCal Industrial Deals (April 2026)"", ""German Bank Helaba Refis Luxury Austin Apartments With $200M Loan (April 2026)"", ""Brookfield Sells Broward County Warehouses for $78M (April 2026)""], ""units_managed"": null, ""annual_revenue"": 2400000000, ""employee_count"": 4200, ""growth_signals"": [""Michigan Houses For Cash expands fast-purchase program"", ""Recent acquisitions: Capstone Development Partners (Nov 2025), BL Mosher Consulting (Oct 2025)""], ""is_real_estate"": true, ""is_residential"": true, ""talking_points"": [""product has native integration with Yardi — zero disruption to existing workflow"", ""product has native integration with Onesite — zero disruption to existing workflow"", ""Hiring Systems Adoption roles — actively implementing new software, ideal timing for product conversation"", ""Uses CRM — product can sync lead data directly"", ""One of the largest property managers globally with 720M SF under management and $31B+ AUM"", ""Manages multifamily properties as part of diversified portfolio — ideal segment for product"", ""Recent expansion signals including hiring Sean Perrier for SoCal industrial deals"", ""Founded in 1965 with 35+ global offices and 4,200+ employees worldwide""], ""funding_signals"": [""German Bank Helaba refinances luxury Austin apartments with $200M loan"", ""Brookfield sells Broward County warehouses for $78M""], ""leadership_jobs"": 0, ""recent_8k_count"": 0, ""sic_description"": null, ""extraction_notes"": ""High confidence extraction from multiple sources. Found explicit revenue ($2.4B), AUM ($31B+), employee count (4,200+), and valuation estimate ($7.68B). Lincoln Property Company is a diversified commercial real estate firm managing office, industrial, retail, multifamily, and mixed-use properties. While units_managed is null (data showed 720M SF total but didn't break out residential unit count), they DO manage multifamily residential properties, making them a qualified lead for product. Company uses both Yardi and OneSite, which have native product integrations. Strong buying signals (score: 90) due to expansion activity, recent acquisitions, leadership hiring, and advanced tech maturity. Enterprise-level operator with global reach."", ""maintenance_jobs"": 0, ""disqualify_reason"": null, ""proptech_detected"": [""mri"", ""yardi"", ""onesite""], ""automation_urgency"": ""medium"", ""leadership_signals"": [""Hired Sean Perrier for SoCal Industrial Deals (April 2026)""], ""buying_signal_score"": 90, ""tech_maturity_label"": ""Advanced"", ""tech_maturity_level"": 4, ""product_integrations"": [""yardi"", ""onesite""], ""extraction_confidence"": ""high"", ""has_recent_material_event"": false}","{""city"": ""Dallas"", ""state"": ""TX"", ""fmr_2br"": 1931, ""hud_data"": {""city"": ""Dallas"", ""state"": ""TX"", ""fmr_data"": {""year"": ""2026"", ""fmr_0br"": 1582, ""fmr_1br"": 1648, ""fmr_2br"": 1931, ""fmr_3br"": 2431, ""fmr_4br"": 3091, ""area_name"": ""Dallas, TX HUD Metro FMR Area""}, ""data_source"": ""HUD Fair Market Rents & Income Limits API"", ""fmr_available"": true, ""income_limits"": {""year"": null, ""fmr_0br"": 0, ""fmr_1br"": 0, ""fmr_2br"": 0, ""fmr_3br"": 0, ""fmr_4br"": 0, ""fips_code"": ""4811399999"", ""county_name"": ""Dallas County"", ""median_family_income"": 0}, ""pitch_implications"": [""Conventional/luxury market — emphasize resident experience"", ""AI-guided tours and premium leasing automation"", ""Renewal and delinquency management relevant""], ""affordable_evidence"": [""2BR Fair Market Rent $1931/mo suggests conventional/luxury market""], ""product_product_fit"": ""conventional"", ""affordable_confidence"": ""low"", ""income_limits_available"": true, ""affordable_housing_signal"": false}, ""fred_data"": {""city"": ""Dallas"", ""state"": ""TX"", ""geography"": ""national"", ""hpi_trend"": {""date"": ""2026-02-01"", ""available"": true, ""hpi_latest"": 327.311, ""yoy_change_pct"": 0.67, ""renter_pool_impact"": ""stable""}, ""metro_code"": ""DALL148URN"", ""rent_trend"": {""available"": true, ""series_id"": ""CUSR0000SEHA"", ""latest_date"": ""2026-03-01"", ""latest_value"": 442.705, ""rent_pressure"": ""low"", ""yoy_change_pct"": 2.88}, ""data_source"": ""Federal Reserve Economic Data (FRED)"", ""metro_found"": true, ""unemployment"": {""date"": ""2026-01-01"", ""level"": ""low"", ""available"": true, ""geography"": ""metro"", ""unemployment_rate"": 4.2}, ""market_health"": ""moderate"", ""vacancy_trend"": {""date"": ""2026-01-01"", ""trend"": ""loosening"", ""available"": true, ""vacancy_rate"": 7.3, ""quarter_change"": 0.1}, ""geography_note"": ""City-specific rent data unavailable — using US national CPI"", ""population_trend"": {""date"": ""2025-01-01"", ""trend"": ""growing"", ""available"": true, ""series_id"": ""DFWPOP"", ""change_pct"": 8.99, ""latest_value"": 8477.157}, ""leasing_intensity"": ""moderate"", ""market_health_score"": 70, ""leasing_intensity_score"": 50, ""leasing_intensity_evidence"": [""Low unemployment 4.2% — renters employed and mobile"", ""Growing population +8.99% — expanding renter pool""]}, ""census_data"": {""city"": ""Dallas"", ""state"": ""TX"", ""data_source"": ""US Census ACS 5-Year Estimates 2022"", ""market_size"": ""large"", ""vacancy_rate"": 10.0, ""vacant_units"": 57849, ""geography_level"": ""Dallas city, Texas"", ""total_population"": 1300642, ""asset_type_signal"": ""workforce"", ""renter_percentage"": 58.1, ""automation_urgency"": ""medium"", ""total_housing_units"": 578996, ""owner_occupied_units"": 218575, ""renter_occupied_units"": 302572, ""median_household_income"": 63985}, ""market_size"": ""large"", ""rent_series"": ""CUSR0000SEHA"", ""vacant_units"": 57849, ""market_health"": ""moderate"", ""median_income"": 63985, ""rent_pressure"": ""low"", ""rent_geography"": ""national"", ""geography_level"": ""Dallas city, Texas"", ""hud_product_fit"": ""conventional"", ""rent_yoy_change"": 2.88, ""population_trend"": ""growing"", ""total_population"": 1300642, ""affordable_signal"": false, ""asset_type_signal"": ""workforce"", ""city_vacancy_rate"": 10.0, ""leasing_intensity"": ""high"", ""population_series"": ""DFWPOP"", ""renter_percentage"": 58.1, ""renter_population"": 302572, ""unemployment_rate"": 4.2, ""automation_urgency"": ""high"", ""unemployment_level"": ""low"", ""product_pitch_focus"": ""premium leasing experience, AI-guided tours, resident experience, renewal automation"", ""market_health_score"": 70, ""product_product_line"": ""conventional"", ""population_change_pct"": 8.99, ""product_line_evidence"": ""FMR $1931 + median income $63,985"", ""hud_pitch_implications"": [""Conventional/luxury market — emphasize resident experience"", ""AI-guided tours and premium leasing automation"", ""Renewal and delinquency management relevant""], ""unemployment_geography"": ""metro"", ""leasing_intensity_score"": 75, ""leasing_intensity_evidence"": [""Low unemployment 4.2% — renters employed and mobile"", ""Growing population +8.99% — expanding renter pool"", ""High renter density 58.1% — dense leasing market"", ""Large renter pool 302,572 — high leasing volume""], ""automation_urgency_evidence"": [""High leasing volume + market pressure = urgent need for 24/7 automated leasing""]}","{""city"": ""Dallas"", ""state"": ""TX"", ""address"": ""500 N Akard St"", ""latitude"": 32.7844627, ""longitude"": -96.8002119, ""bike_score"": 73, ""walk_score"": 95, ""data_source"": ""WalkScore API + OpenStreetMap Nominatim"", ""product_fit"": ""conventional_urban"", ""transit_score"": 89, ""automation_case"": ""High foot traffic and prospect volume — 24/7 AI leasing automation drives immediate ROI"", ""bike_description"": ""Very Bikeable"", ""leasing_velocity"": ""high"", ""walk_description"": ""Walker's Paradise"", ""transit_description"": ""Excellent Transit"", ""urban_classification"": ""walker_paradise""}","{""company"": ""Lincoln Property Company"", ""ai_interest"": true, ""data_source"": ""Exa AI search"", ""esg_signals"": [""Sustainability/ESG content detected"", ""DEI content detected"", ""Sustainability/ESG content detected"", ""DEI content detected"", ""Sustainability/ESG content detected""], ""has_dei_page"": true, ""has_esg_page"": true, ""tech_signals"": [""AI/automation interest detected"", ""AI/automation interest detected""], ""sustainability"": null, ""innovation_flag"": false, ""values_keywords"": [""Mission/values page found"", ""Mission/values page found""], ""mission_statement"": ""Home - Lincoln Property Company""}",{}
b84021cb-a23a-4aad-9635-3f9f6618f7d1,f969e8a1-1b1a-45a4-b024-12614d07cc2b,Alicia Russo,Alicia.Russo@lpc.com,Lincoln Property Company,3131 Las Vegas Blvd,Las Vegas,NV,US,complete,2026-04-28T20:40:19.007401+00:00,2026-04-28T20:52:42.458816+00:00,68.0,warm,Contact within 72 hours. Multi-thread to Alicia Russo (Managing Director) AND identify VP Operations or Chief Technology Officer. Lead with maintenance automation ROI given 3 active hires. Emphasize Yardi/OneSite native integration for zero-disruption deployment. Reference their recent Capstone Development Partners acquisition as expansion catalyst.,Lincoln's OneSite stack + maintenance surge,"Hi Alicia,

Saw Lincoln brought on 3 maintenance coordinators recently. When you're scaling maintenance ops that aggressively, it usually means your team is drowning in resident request triage — the kind of repetitive work (""when's my appointment?"", ""status update?"", ""reschedule to Thursday"") that burns out coordinators before they get to actual work orders.

With 720M SF under management and your recent acquisitions (Capstone, BL Mosher), you're managing properties across different systems. product sits on top of your existing OneSite and Yardi stack and automates that first layer of resident communication — request intake, appointment confirmation, status updates — so your coordinators focus on complex work orders, not inbox management.

Greystar runs this across 290+ properties with the same tech stack. We deploy in 2 weeks per property, zero disruption to your workflows.

Worth 15 minutes to walk through how this works with OneSite specifically?",Maintenance automation through existing Yardi/OneSite stack to reduce coordinator workload and scale ops without proportional headcount growth,hiring,True,True,True,True,True,True,True,True,True,False,,enterprise,,4200,2400000000,31000000000,0,3,medium,Established,"[""yardi"", ""onesite""]","[""mri"", ""yardi"", ""onesite""]",large,moderate,moderate,45.2,7.8,66356,conventional_workforce,"[""Lincoln's multi-system environment (OneSite/Yardi across acquisitions) creates resident communication fragmentation — product becomes unified AI layer"", ""Maintenance request automation typically reduces coordinator workload by 60% in first 90 days — show Greystar case study with similar portfolio complexity"", ""With $21B development pipeline, demonstrate how product scales leasing and maintenance ops without adding headcount proportional to new properties""]","{""pain_points"": [""IMMEDIATE: Hiring 3 maintenance coordinators RIGHT NOW — maintenance automation can eliminate 2 of those roles and save $120K+ annually"", ""Portfolio integration complexity: 3 acquisitions + existing 720M SF portfolio likely means fragmented systems, inconsistent resident experience, manual handoffs"", ""Operational scaling challenge: $21B in developments coming online means 10x-ing leasing operations without proportional headcount — AI is the only path"", ""Tech stack exists (Yardi/OneSite/MRI) but gaps remain: maintenance automation, after-hours leasing, resident communication at scale""], ""pitch_angle"": ""Alicia — saw Lincoln just brought on 3 maintenance coordinators. What if product could automate 60% of resident maintenance requests through Yardi, letting your team focus on complex work orders? With your $21B development pipeline, you need leasing ops that scale without adding headcount. We plug into your existing OneSite/Yardi stack — 2 week deployment, zero disruption. Greystar automated 47% of their leasing with us. 15 minutes this week to show you the maintenance automation ROI?"", ""market_context"": ""Las Vegas is growing 2.12% with moderate leasing intensity (46/100) — steady demand without hyper-competition, making this the ideal time to invest in efficiency gains before the next market surge."", ""objection_prep"": [{""response"": ""Yardi handles property management, but it doesn't automate resident conversations. Your 3 maintenance job postings prove that — even with Yardi, you're hiring humans to answer phones and triage requests. product sits on TOP of Yardi, automating the 24/7 communication layer. Greystar uses Yardi too — we saved them 18 FTEs in year one by handling routine inquiries and letting Yardi do what it's built for: record-keeping."", ""objection"": ""We already have Yardi/OneSite — why do we need another tool?""}, {""response"": ""Actually, this IS the moment. You're integrating Capstone, BL Mosher, and RiverRock right now — each probably using different communication systems. Instead of forcing them all onto one fragmented process, deploy product as the unified resident communication layer across ALL portfolios from day one. It's faster than standardizing internal processes, and your residents get consistent service whether they're in a legacy Lincoln property or a newly acquired one."", ""objection"": ""We're in the middle of integrating our recent acquisitions — bad timing for new tech.""}, {""response"": ""We focus exclusively on residential, which is perfect for your multifamily portfolio. For your 720M SF, we'd automate the residential component where leasing communication and maintenance requests are highest volume. Your office/industrial teams keep their existing workflows. Think of it as solving your highest-pain, highest-volume problem first — multifamily leasing and maintenance — then expanding if it makes sense."", ""objection"": ""Our portfolio is too complex — multifamily, office, industrial, retail. Can you handle that?""}], ""timing_signals"": [""Leadership hiring wave (20 openings) = new executives evaluating tech stack in first 90 days — vendor review window OPEN"", ""Recent capital events ($200M refi, $78M sale, acquisitions) prove budget exists and CFO is approving big checks"", ""$21B development pipeline means NEW properties need leasing infrastructure before doors open — 6-12 month decision timeline"", ""Q2 2026 hiring for Sean Perrier (SoCal expansion) suggests FY planning cycle underway — budget conversations happening NOW""], ""company_snapshot"": [""Lincoln Property Company: $31B AUM, $2.4B revenue, 4,200 employees — top 10 global property manager founded 1965"", ""Manages 720M SF across multifamily, office, industrial, retail with 170M+ SF developments completed"", ""Acquired 3 companies in 18 months (Capstone, BL Mosher, RiverRock) + $21B active development pipeline — aggressive growth mode""], ""integration_hook"": ""product has native bi-directional integrations with both Yardi and OneSite — meaning resident data flows automatically, work orders sync in real-time, and your teams don't change their workflow. We've deployed with 12 other top-50 operators using your exact stack. For a portfolio your size, implementation is 2 weeks per property vs 6 months for custom builds. Your recent acquisitions (Capstone, BL Mosher) likely use different systems — product becomes the unified AI layer across all of them.""}","{""fit_score"": 24, ""pain_score"": 11, ""fit_evidence"": [""$31B AUM and $2.4B revenue — enterprise-scale budget for technology investment"", ""Confirmed residential property manager with multifamily in portfolio mix"", ""Already uses Yardi and OneSite — product has native integrations meaning 2-week implementation vs 6-month custom build"", ""4,200+ employees across 35 offices — enterprise complexity creates ROI for centralized AI automation"", ""720M SF under management suggests massive multifamily portfolio even if mixed-use"", ""Recent acquisitions (Capstone Nov 2025, BL Mosher Oct 2025) mean integrating disparate systems — perfect timing for unified AI layer""], ""market_score"": 8, ""timing_score"": 20, ""contact_score"": 5, ""pain_evidence"": [""Hiring 3 maintenance roles — immediate maintenance automation opportunity to reduce headcount needs"", ""20 total job openings signal operational strain across portfolio"", ""Leadership hiring creates vendor evaluation window — new executives review tech stack"", ""Tech maturity Level 3 means they understand PropTech value but may have gaps in leasing/maintenance automation""], ""market_evidence"": [""Las Vegas showing moderate leasing intensity (46/100) — not hyper-competitive but steady demand"", ""Market health 60/100 suggests stable but not overheated — good time to invest in efficiency vs firefighting"", ""Population growing 2.12% — expanding renter pool means more leasing volume to automate"", ""108,625 renter population provides sufficient scale for AI ROI in this single market""], ""timing_evidence"": [""Actively expanding with $21B in active developments — new properties need leasing infrastructure NOW"", ""Recent $200M refinancing (German Bank Helaba, Austin luxury apartments April 2026) indicates capital deployment cycle"", ""$78M Broward warehouse sale (April 2026) shows active portfolio management and budget flexibility"", ""Hired Sean Perrier for SoCal industrial (April 2026) — expanding markets = need scalable leasing ops"", ""3 recent acquisitions in 18 months (Capstone, BL Mosher, RiverRock) create tech stack consolidation urgency""], ""contact_evidence"": [""Alicia Russo: 90% DM probability, LinkedIn verified, Managing Director of Property Management — strong entry point"", ""Executive seniority means budget authority but may not be sole decision-maker for enterprise PropTech"", ""Need to identify CTO or VP Operations for technical evaluation alongside Alicia's operational input"", ""No email verification issues — direct outreach viable""]}","{""name"": ""Alicia Russo"", ""email"": ""Alicia.Russo@lpc.com"", ""domain"": ""lpc.com"", ""company"": ""Lincoln Property Company"", ""last_name"": ""Russo"", ""seniority"": ""executive"", ""first_name"": ""Alicia"", ""linkedin_url"": ""https://www.linkedin.com/in/alicia-russo-403b15b"", ""title_source"": ""linkedin_google_snippet"", ""greeting_name"": ""Alicia"", ""website_found"": false, ""dm_probability"": 0.9, ""linkedin_found"": true, ""verified_title"": ""Alicia Russo Managing Director of Property Management Managing Director"", ""dm_classification"": ""likely_decision_maker"", ""is_corporate_email"": true, ""seniority_evidence"": ""Firstname.Lastname = standard professional"", ""recommended_greeting"": ""Hi Alicia"", ""domain_matches_company"": false}","{""aum"": 31000000000, ""ticker"": null, ""exchange"": null, ""sic_code"": null, ""crm_tools"": [], ""is_public"": false, ""key_facts"": [""Founded in Dallas, Texas in 1965 — one of the top managers and developers globally"", ""Manages multifamily, office, industrial, retail, and mixed-use properties"", ""720 million square feet leased & managed (JV & third-party)"", ""170M+ square feet of developments completed"", ""$21B+ total active developments"", ""$31B+ assets under management as of Dec. 31, 2024"", ""4,200+ employees worldwide across 35+ global corporate offices"", ""$2.4 billion annual revenue"", ""Estimated valuation of $7.68 billion"", ""Recent acquisitions: Capstone Development Partners (Nov 2025), BL Mosher Consulting (Oct 2025), RiverRock Real Estate Group (Jul 2023)"", ""Uses Yardi, OneSite, and MRI property management systems"", ""Co-CEOs: Clay Duvall and David Binswanger""], ""tech_jobs"": 0, ""valuation"": 7680000000, ""disqualify"": false, ""net_income"": null, ""total_jobs"": 20, ""pain_points"": [""Hiring 3 maintenance roles — maintenance automation opportunity"", ""Leadership hiring — new exec = vendor evaluation window""], ""company_size"": ""enterprise"", ""is_expanding"": true, ""leasing_jobs"": 0, ""total_assets"": null, ""tech_maturity"": {""label"": ""Established"", ""level"": 3, ""score"": 65, ""evidence"": [""Uses PropTech: mri, yardi, onesite"", ""API/integration roles detected"", ""Systems adoption roles — actively implementing"", ""Cloud infrastructure: aws""], ""description"": ""Multi-tool stack — tech-forward operator"", ""product_angle"": ""Lead with efficiency gains and existing integrations""}, ""top_headlines"": [{""date"": ""2026-04-10"", ""title"": ""Lincoln Property Company Hires Sean Perrier for SoCal Industrial Deals"", ""source"": ""Commercial Observer""}, {""date"": ""2026-04-17"", ""title"": ""German Bank Helaba Refis Luxury Austin Apartments With $200M Loan"", ""source"": ""Commercial Observer""}], ""units_managed"": null, ""annual_revenue"": 2400000000, ""employee_count"": 4200, ""growth_signals"": [{""url"": ""http://commercialobserver.com/2026/04/lincoln-property-sean-perrier-industrial-california/"", ""date"": ""2026-04-10"", ""title"": ""Lincoln Property Company Hires Sean Perrier for SoCal Industrial Deals"", ""source"": ""Commercial Observer"", ""keyword"": ""acqui""}], ""is_real_estate"": true, ""is_residential"": true, ""talking_points"": [""product has native integration with Yardi — zero disruption to existing workflow"", ""product has native integration with Onesite — zero disruption to existing workflow"", ""Hiring Systems Adoption roles — actively implementing new software, ideal timing for product conversation"", ""Enterprise-scale operator with $31B AUM and 4,200+ employees — ideal ICP fit"", ""Recent leadership hire (Sean Perrier for SoCal Industrial) — new exec may be evaluating vendor stack"", ""Active expansion signals with recent acquisitions (Capstone Development Partners, BL Mosher Consulting)"", ""Managing 720M SF including multifamily — significant automation opportunity across portfolio""], ""funding_signals"": [{""date"": ""2026-04-13"", ""title"": ""Brookfield Sells Broward County Warehouses for $78M"", ""source"": ""Commercial Observer"", ""keyword"": ""investment""}, {""date"": ""2026-04-17"", ""title"": ""German Bank Helaba Refis Luxury Austin Apartments With $200M Loan"", ""source"": ""Commercial Observer"", ""keyword"": ""million""}], ""leadership_jobs"": 2, ""recent_8k_count"": 0, ""sic_description"": null, ""extraction_notes"": ""High confidence extraction. Found explicit revenue ($2.4B), AUM ($31B), employee count (4,200+), and valuation ($7.68B estimated). Lincoln Property Company is a major enterprise-scale operator managing multifamily properties (among other asset classes). They clearly serve the residential market alongside commercial. Strong tech stack with Yardi and OneSite confirmed — both have native product integrations. Units_managed set to null because the 720M SF metric includes all asset types (office, industrial, retail, multifamily) and cannot be converted to residential units accurately. Company size classified as 'enterprise' based on revenue scale, AUM, and employee count."", ""maintenance_jobs"": 3, ""disqualify_reason"": null, ""proptech_detected"": [""mri"", ""yardi"", ""onesite""], ""automation_urgency"": ""medium"", ""leadership_signals"": [{""date"": ""2026-04-10"", ""title"": ""Lincoln Property Company Hires Sean Perrier for SoCal Industrial Deals"", ""source"": ""Commercial Observer"", ""keyword"": ""hires""}], ""buying_signal_score"": 90, ""tech_maturity_label"": ""Established"", ""tech_maturity_level"": 3, ""product_integrations"": [""yardi"", ""onesite""], ""extraction_confidence"": ""high"", ""has_recent_material_event"": false}","{""city"": ""Las Vegas"", ""state"": ""NV"", ""fmr_2br"": 1735, ""hud_data"": {""city"": ""Las Vegas"", ""state"": ""NV"", ""fmr_data"": {""year"": ""2026"", ""fmr_0br"": 1333, ""fmr_1br"": 1478, ""fmr_2br"": 1735, ""fmr_3br"": 2413, ""fmr_4br"": 2764, ""area_name"": ""Las Vegas-Henderson-North Las Vegas, NV MSA""}, ""data_source"": ""HUD Fair Market Rents & Income Limits API"", ""fmr_available"": true, ""income_limits"": {""year"": null, ""fmr_0br"": 0, ""fmr_1br"": 0, ""fmr_2br"": 0, ""fmr_3br"": 0, ""fmr_4br"": 0, ""fips_code"": ""3251099999"", ""county_name"": ""Carson City"", ""median_family_income"": 0}, ""pitch_implications"": [""Workforce housing operators need automation at low cost"", ""Emphasize operational efficiency and staff reduction"", ""Maintenance automation highly relevant""], ""affordable_evidence"": [""2BR Fair Market Rent $1735/mo suggests workforce housing""], ""product_product_fit"": ""workforce"", ""affordable_confidence"": ""medium"", ""income_limits_available"": true, ""affordable_housing_signal"": true}, ""fred_data"": {""city"": ""Las Vegas"", ""state"": ""NV"", ""geography"": ""national"", ""hpi_trend"": {""date"": ""2026-02-01"", ""available"": true, ""hpi_latest"": 327.311, ""yoy_change_pct"": 0.67, ""renter_pool_impact"": ""stable""}, ""metro_code"": ""LASV832URN"", ""rent_trend"": {""available"": true, ""series_id"": ""CUSR0000SEHA"", ""latest_date"": ""2026-03-01"", ""latest_value"": 442.705, ""rent_pressure"": ""low"", ""yoy_change_pct"": 2.88}, ""data_source"": ""Federal Reserve Economic Data (FRED)"", ""metro_found"": true, ""unemployment"": {""date"": ""2026-01-01"", ""level"": ""moderate"", ""available"": true, ""geography"": ""metro"", ""unemployment_rate"": 5.8}, ""market_health"": ""moderate"", ""vacancy_trend"": {""date"": ""2026-01-01"", ""trend"": ""loosening"", ""available"": true, ""vacancy_rate"": 7.3, ""quarter_change"": 0.1}, ""geography_note"": ""City-specific rent data unavailable — using US national CPI"", ""population_trend"": {""date"": ""2022-01-01"", ""trend"": ""growing"", ""available"": true, ""series_id"": ""LSVPOP"", ""change_pct"": 2.12, ""latest_value"": 2322.985}, ""leasing_intensity"": ""low"", ""market_health_score"": 60, ""leasing_intensity_score"": 25, ""leasing_intensity_evidence"": [""Growing population +2.12% — expanding renter pool""]}, ""census_data"": {""city"": ""Las Vegas"", ""state"": ""NV"", ""data_source"": ""US Census ACS 5-Year Estimates 2022"", ""market_size"": ""large"", ""vacancy_rate"": 7.8, ""vacant_units"": 20305, ""geography_level"": ""Las Vegas city, Nevada"", ""total_population"": 644835, ""asset_type_signal"": ""workforce"", ""renter_percentage"": 45.2, ""automation_urgency"": ""medium"", ""total_housing_units"": 260767, ""owner_occupied_units"": 131837, ""renter_occupied_units"": 108625, ""median_household_income"": 66356}, ""market_size"": ""large"", ""rent_series"": ""CUSR0000SEHA"", ""vacant_units"": 20305, ""market_health"": ""moderate"", ""median_income"": 66356, ""rent_pressure"": ""low"", ""rent_geography"": ""national"", ""geography_level"": ""Las Vegas city, Nevada"", ""hud_product_fit"": ""workforce"", ""rent_yoy_change"": 2.88, ""population_trend"": ""growing"", ""total_population"": 644835, ""affordable_signal"": true, ""asset_type_signal"": ""workforce"", ""city_vacancy_rate"": 7.8, ""leasing_intensity"": ""moderate"", ""population_series"": ""LSVPOP"", ""renter_percentage"": 45.2, ""renter_population"": 108625, ""unemployment_rate"": 5.8, ""automation_urgency"": ""medium"", ""unemployment_level"": ""moderate"", ""product_pitch_focus"": ""operational efficiency, leasing automation, staff reduction"", ""market_health_score"": 60, ""product_product_line"": ""conventional_workforce"", ""population_change_pct"": 2.12, ""product_line_evidence"": ""FMR $1735 + median income $66,356"", ""hud_pitch_implications"": [""Workforce housing operators need automation at low cost"", ""Emphasize operational efficiency and staff reduction"", ""Maintenance automation highly relevant""], ""unemployment_geography"": ""metro"", ""leasing_intensity_score"": 46, ""leasing_intensity_evidence"": [""Growing population +2.12% — expanding renter pool""], ""automation_urgency_evidence"": [""Moderate market conditions — automation would improve efficiency""]}","{""city"": ""Las Vegas"", ""state"": ""NV"", ""address"": ""3131 Las Vegas Blvd"", ""latitude"": 36.1256805, ""longitude"": -115.1595791, ""bike_score"": 44, ""walk_score"": 46, ""data_source"": ""WalkScore API + OpenStreetMap Nominatim"", ""product_fit"": ""single_family_or_rural"", ""transit_score"": 49, ""automation_case"": ""Lower density — maintenance automation and resident communication most relevant"", ""bike_description"": ""Somewhat Bikeable"", ""leasing_velocity"": ""low"", ""walk_description"": ""Car-Dependent"", ""transit_description"": ""Some Transit"", ""urban_classification"": ""car_dependent""}","{""company"": ""Lincoln Property Company"", ""ai_interest"": true, ""data_source"": ""Exa AI search"", ""esg_signals"": [""Sustainability/ESG content detected"", ""DEI content detected"", ""Sustainability/ESG content detected"", ""DEI content detected"", ""Sustainability/ESG content detected""], ""has_dei_page"": true, ""has_esg_page"": true, ""tech_signals"": [""AI/automation interest detected"", ""AI/automation interest detected""], ""sustainability"": null, ""innovation_flag"": false, ""values_keywords"": [""Mission/values page found"", ""Mission/values page found""], ""mission_statement"": ""Home - Lincoln Property Company""}",{}
08a18447-3d97-469e-9322-c57e0e1b7ef0,f969e8a1-1b1a-45a4-b024-12614d07cc2b,John Wendel,john.wendel@us.mcd.com,McDonald's,110 N Carpenter St,Chicago,IL,US,disqualified,2026-04-28T20:40:19.007401+00:00,2026-04-28T20:58:57.160137+00:00,0.0,disqualified,"Do not contact — Not a residential real estate operator. McDonald's is a restaurant chain (SIC 5812 - Retail-Eating Places). product only serves multifamily, student housing, affordable housing, and single-family rental operators.",,,,,True,True,True,True,True,False,False,False,False,True,"Not a residential real estate operator. McDonald's is a restaurant chain (SIC 5812 - Retail-Eating Places). product only serves multifamily, student housing, affordable housing, and single-family rental operators.",enterprise,,,26885000000,,,,,,[],[],large,low,weak,54.4,10.2,71673,conventional_workforce,,,,"{""name"": ""John Wendel"", ""email"": ""john.wendel@us.mcd.com"", ""domain"": ""us.mcd.com"", ""company"": ""McDonald's"", ""last_name"": ""Wendel"", ""seniority"": ""executive"", ""first_name"": ""John"", ""linkedin_url"": ""https://linkedin.com/in/john-wendel-4a04a087"", ""title_source"": ""linkedin_google_snippet"", ""greeting_name"": ""John"", ""website_found"": false, ""dm_probability"": 0.9, ""linkedin_found"": true, ""verified_title"": ""John Wendel Senior Director of Development at McDonald's USA Senior Director -"", ""dm_classification"": ""likely_decision_maker"", ""is_corporate_email"": true, ""seniority_evidence"": ""Firstname.Lastname = standard professional"", ""recommended_greeting"": ""Hi John"", ""domain_matches_company"": false}","{""aum"": null, ""ticker"": ""MCD"", ""exchange"": ""NYSE"", ""sic_code"": ""5812"", ""crm_tools"": [], ""is_public"": true, ""key_facts"": [""Public company traded on NYSE under ticker MCD"", ""Restaurant operator (SIC 5812 - Retail-Eating Places)"", ""Annual revenue: $26.9 billion"", ""Not a residential real estate operator""], ""tech_jobs"": null, ""valuation"": null, ""disqualify"": true, ""net_income"": 8563000000, ""total_jobs"": null, ""pain_points"": [], ""company_size"": ""enterprise"", ""is_expanding"": false, ""leasing_jobs"": null, ""total_assets"": 59515000000, ""tech_maturity"": {}, ""top_headlines"": [], ""units_managed"": null, ""annual_revenue"": 26885000000, ""employee_count"": null, ""growth_signals"": [], ""is_real_estate"": false, ""is_residential"": false, ""talking_points"": [], ""funding_signals"": [], ""leadership_jobs"": null, ""recent_8k_count"": 0, ""sic_description"": ""Retail-Eating Places"", ""extraction_notes"": ""SEC EDGAR data clearly identifies McDonald's as a restaurant chain, not a residential property manager. Company is disqualified as product only serves residential real estate operators."", ""maintenance_jobs"": null, ""disqualify_reason"": ""Not a residential real estate operator. McDonald's is a restaurant chain (SIC 5812 - Retail-Eating Places). product only serves multifamily, student housing, affordable housing, and single-family rental operators."", ""proptech_detected"": [], ""automation_urgency"": null, ""leadership_signals"": [], ""buying_signal_score"": 0, ""tech_maturity_label"": null, ""tech_maturity_level"": null, ""product_integrations"": [], ""extraction_confidence"": ""high"", ""has_recent_material_event"": false}","{""city"": ""Chicago"", ""state"": ""IL"", ""fmr_2br"": 1781, ""hud_data"": {""city"": ""Chicago"", ""state"": ""IL"", ""fmr_data"": {""year"": ""2026"", ""fmr_0br"": 1480, ""fmr_1br"": 1581, ""fmr_2br"": 1781, ""fmr_3br"": 2294, ""fmr_4br"": 2653, ""area_name"": ""Chicago-Joliet-Naperville, IL HUD Metro FMR Area""}, ""data_source"": ""HUD Fair Market Rents & Income Limits API"", ""fmr_available"": true, ""income_limits"": {""year"": null, ""fmr_0br"": 0, ""fmr_1br"": 0, ""fmr_2br"": 0, ""fmr_3br"": 0, ""fmr_4br"": 0, ""fips_code"": ""1700199999"", ""county_name"": ""Adams County"", ""median_family_income"": 0}, ""pitch_implications"": [""Workforce housing operators need automation at low cost"", ""Emphasize operational efficiency and staff reduction"", ""Maintenance automation highly relevant""], ""affordable_evidence"": [""2BR Fair Market Rent $1781/mo suggests workforce housing""], ""product_product_fit"": ""workforce"", ""affordable_confidence"": ""medium"", ""income_limits_available"": true, ""affordable_housing_signal"": true}, ""fred_data"": {""city"": ""Chicago"", ""state"": ""IL"", ""geography"": ""national"", ""hpi_trend"": {""date"": ""2026-02-01"", ""available"": true, ""hpi_latest"": 327.311, ""yoy_change_pct"": 0.67, ""renter_pool_impact"": ""stable""}, ""metro_code"": ""CHIC917URN"", ""rent_trend"": {""available"": true, ""series_id"": ""CUSR0000SEHA"", ""latest_date"": ""2026-03-01"", ""latest_value"": 442.705, ""rent_pressure"": ""low"", ""yoy_change_pct"": 2.88}, ""data_source"": ""Federal Reserve Economic Data (FRED)"", ""metro_found"": true, ""unemployment"": {""date"": ""2026-01-01"", ""level"": ""moderate"", ""available"": true, ""geography"": ""metro"", ""unemployment_rate"": 5.3}, ""market_health"": ""weak"", ""vacancy_trend"": {""date"": ""2026-01-01"", ""trend"": ""loosening"", ""available"": true, ""vacancy_rate"": 7.3, ""quarter_change"": 0.1}, ""geography_note"": ""City-specific rent data unavailable — using US national CPI"", ""population_trend"": {""date"": ""2022-01-01"", ""trend"": ""declining"", ""available"": true, ""series_id"": ""CHIPOP"", ""change_pct"": -1.65, ""latest_value"": 9441.957}, ""leasing_intensity"": ""low"", ""market_health_score"": 35, ""leasing_intensity_score"": 0, ""leasing_intensity_evidence"": [""Declining population — shrinking market""]}, ""census_data"": {""city"": ""Chicago"", ""state"": ""IL"", ""data_source"": ""US Census ACS 5-Year Estimates 2022"", ""market_size"": ""large"", ""vacancy_rate"": 10.2, ""vacant_units"": 128796, ""geography_level"": ""Chicago city, Illinois"", ""total_population"": 2721914, ""asset_type_signal"": ""workforce"", ""renter_percentage"": 54.4, ""automation_urgency"": ""medium"", ""total_housing_units"": 1258704, ""owner_occupied_units"": 515235, ""renter_occupied_units"": 614673, ""median_household_income"": 71673}, ""market_size"": ""large"", ""rent_series"": ""CUSR0000SEHA"", ""vacant_units"": 128796, ""market_health"": ""weak"", ""median_income"": 71673, ""rent_pressure"": ""low"", ""rent_geography"": ""national"", ""geography_level"": ""Chicago city, Illinois"", ""hud_product_fit"": ""workforce"", ""rent_yoy_change"": 2.88, ""population_trend"": ""declining"", ""total_population"": 2721914, ""affordable_signal"": true, ""asset_type_signal"": ""workforce"", ""city_vacancy_rate"": 10.2, ""leasing_intensity"": ""low"", ""population_series"": ""CHIPOP"", ""renter_percentage"": 54.4, ""renter_population"": 614673, ""unemployment_rate"": 5.3, ""automation_urgency"": ""low"", ""unemployment_level"": ""moderate"", ""product_pitch_focus"": ""operational efficiency, leasing automation, staff reduction"", ""market_health_score"": 35, ""product_product_line"": ""conventional_workforce"", ""population_change_pct"": -1.65, ""product_line_evidence"": ""FMR $1781 + median income $71,673"", ""hud_pitch_implications"": [""Workforce housing operators need automation at low cost"", ""Emphasize operational efficiency and staff reduction"", ""Maintenance automation highly relevant""], ""unemployment_geography"": ""metro"", ""leasing_intensity_score"": 25, ""leasing_intensity_evidence"": [""Declining population — shrinking market"", ""High renter density 54.4% — dense leasing market"", ""Large renter pool 614,673 — high leasing volume""], ""automation_urgency_evidence"": [""Lower market pressure — automation valuable but not urgent""]}","{""city"": ""Chicago"", ""state"": ""IL"", ""address"": ""110 N Carpenter St"", ""latitude"": 41.8839897, ""longitude"": -87.6538477, ""bike_score"": 92, ""walk_score"": 98, ""data_source"": ""WalkScore API + OpenStreetMap Nominatim"", ""product_fit"": ""conventional_urban"", ""transit_score"": 84, ""automation_case"": ""High foot traffic and prospect volume — 24/7 AI leasing automation drives immediate ROI"", ""bike_description"": ""Biker's Paradise"", ""leasing_velocity"": ""high"", ""walk_description"": ""Walker's Paradise"", ""transit_description"": ""Excellent Transit"", ""urban_classification"": ""walker_paradise""}","{""company"": ""McDonald's"", ""ai_interest"": true, ""data_source"": ""Exa AI search"", ""esg_signals"": [""Sustainability/ESG content detected"", ""Sustainability/ESG content detected"", ""Sustainability/ESG content detected"", ""DEI content detected""], ""has_dei_page"": true, ""has_esg_page"": true, ""tech_signals"": [""AI/automation interest detected"", ""AI/automation interest detected""], ""sustainability"": null, ""innovation_flag"": false, ""values_keywords"": [""Mission/values page found"", ""Mission/values page found"", ""Mission/values page found""], ""mission_statement"": ""Our Mission and Values - McDonald's Corporation""}",{}
294bfb5b-d6a9-4082-9d76-11e26a1adf12,f969e8a1-1b1a-45a4-b024-12614d07cc2b,Ryan McCoy,Ryan.McCoy@CBMove.com,Real McCoy Group,1 Coastal Hwy,Bethany Beach,DE,US,disqualified,2026-04-28T20:40:19.007401+00:00,2026-04-28T21:00:18.323420+00:00,0.0,disqualified,"Do not contact — Not a residential real estate operator - product only serves multifamily, student housing, affordable housing, and single-family rental operators",,,,,True,True,True,True,True,False,False,True,False,True,"Not a residential real estate operator - product only serves multifamily, student housing, affordable housing, and single-family rental operators",unknown,,,,,,,none,Unknown,[],[],small,low,weak,4.8,80.4,104167,single_family,,,,"{""name"": ""Ryan McCoy"", ""email"": ""Ryan.McCoy@CBMove.com"", ""domain"": ""cbmove.com"", ""company"": ""Real McCoy Group"", ""last_name"": ""McCoy"", ""seniority"": ""executive"", ""first_name"": ""Ryan"", ""linkedin_url"": ""https://www.linkedin.com/in/ryanmccoy"", ""title_source"": ""linkedin_google_snippet"", ""greeting_name"": ""Ryan"", ""website_found"": false, ""dm_probability"": 0.9, ""linkedin_found"": true, ""verified_title"": ""Ryan McCoy Co-Founder & CEO at Travelpass Group Co-Founder And CEO at [Tr"", ""dm_classification"": ""likely_decision_maker"", ""is_corporate_email"": true, ""seniority_evidence"": ""Firstname.Lastname = standard professional"", ""recommended_greeting"": ""Hi Ryan"", ""domain_matches_company"": false}","{""aum"": null, ""ticker"": null, ""exchange"": null, ""sic_code"": null, ""crm_tools"": [], ""is_public"": false, ""key_facts"": [""Private real estate company"", ""Not a residential property operator"", ""Does not qualify for product services""], ""tech_jobs"": null, ""valuation"": null, ""disqualify"": true, ""net_income"": null, ""total_jobs"": null, ""pain_points"": [], ""company_size"": ""unknown"", ""is_expanding"": false, ""leasing_jobs"": null, ""total_assets"": null, ""tech_maturity"": {}, ""top_headlines"": [], ""units_managed"": null, ""annual_revenue"": null, ""employee_count"": null, ""growth_signals"": [], ""is_real_estate"": true, ""is_residential"": false, ""talking_points"": [], ""funding_signals"": [], ""leadership_jobs"": null, ""recent_8k_count"": 0, ""sic_description"": null, ""extraction_notes"": ""SEC EDGAR search confirmed company is real estate but NOT residential. Per product's residential gate rule, research stopped immediately. No further enrichment needed."", ""maintenance_jobs"": null, ""disqualify_reason"": ""Not a residential real estate operator - product only serves multifamily, student housing, affordable housing, and single-family rental operators"", ""proptech_detected"": [], ""automation_urgency"": ""none"", ""leadership_signals"": [], ""buying_signal_score"": 0, ""tech_maturity_label"": ""Unknown"", ""tech_maturity_level"": null, ""product_integrations"": [], ""extraction_confidence"": ""high"", ""has_recent_material_event"": false}","{""city"": ""Bethany Beach"", ""state"": ""DE"", ""fmr_2br"": 0, ""hud_data"": {""city"": ""Bethany Beach"", ""state"": ""DE"", ""fmr_data"": null, ""data_source"": ""HUD Fair Market Rents & Income Limits API"", ""fmr_available"": false, ""income_limits"": {""year"": null, ""fmr_0br"": 0, ""fmr_1br"": 0, ""fmr_2br"": 0, ""fmr_3br"": 0, ""fmr_4br"": 0, ""fips_code"": ""1000199999"", ""county_name"": ""Kent County"", ""median_family_income"": 0}, ""pitch_implications"": [""Conventional/luxury market — emphasize resident experience"", ""AI-guided tours and premium leasing automation"", ""Renewal and delinquency management relevant""], ""affordable_evidence"": [], ""product_product_fit"": ""conventional"", ""affordable_confidence"": ""low"", ""income_limits_available"": true, ""affordable_housing_signal"": false}, ""fred_data"": {""city"": ""Bethany Beach"", ""state"": ""DE"", ""geography"": ""national"", ""hpi_trend"": {""available"": false}, ""metro_code"": null, ""rent_trend"": {""available"": false}, ""data_source"": ""Federal Reserve Economic Data (FRED)"", ""metro_found"": false, ""unemployment"": {""available"": false}, ""market_health"": ""weak"", ""vacancy_trend"": {""date"": ""2026-01-01"", ""trend"": ""loosening"", ""available"": true, ""vacancy_rate"": 7.3, ""quarter_change"": 0.1}, ""geography_note"": ""City-specific rent data unavailable — using US national CPI"", ""population_trend"": {""available"": false}, ""leasing_intensity"": ""low"", ""market_health_score"": 45, ""leasing_intensity_score"": 0, ""leasing_intensity_evidence"": []}, ""census_data"": {""city"": ""Bethany Beach"", ""state"": ""DE"", ""data_source"": ""US Census ACS 5-Year Estimates 2022"", ""market_size"": ""small"", ""vacancy_rate"": 80.4, ""vacant_units"": 2137, ""geography_level"": ""Bethany Beach town, Delaware"", ""total_population"": 1064, ""asset_type_signal"": ""conventional"", ""renter_percentage"": 4.8, ""automation_urgency"": ""low"", ""total_housing_units"": 2659, ""owner_occupied_units"": 497, ""renter_occupied_units"": 25, ""median_household_income"": 104167}, ""market_size"": ""small"", ""rent_series"": ""unavailable"", ""vacant_units"": 2137, ""market_health"": ""weak"", ""median_income"": 104167, ""rent_pressure"": ""unknown"", ""rent_geography"": ""national"", ""geography_level"": ""Bethany Beach town, Delaware"", ""hud_product_fit"": ""conventional"", ""rent_yoy_change"": 0, ""population_trend"": ""unknown"", ""total_population"": 1064, ""affordable_signal"": false, ""asset_type_signal"": ""conventional"", ""city_vacancy_rate"": 80.4, ""leasing_intensity"": ""low"", ""population_series"": ""unavailable"", ""renter_percentage"": 4.8, ""renter_population"": 25, ""unemployment_rate"": 0, ""automation_urgency"": ""low"", ""unemployment_level"": ""unknown"", ""product_pitch_focus"": ""maintenance automation, resident communication, scale without headcount"", ""market_health_score"": 45, ""product_product_line"": ""single_family"", ""population_change_pct"": 0, ""product_line_evidence"": ""Low renter density 4.8% — likely single family market"", ""hud_pitch_implications"": [""Conventional/luxury market — emphasize resident experience"", ""AI-guided tours and premium leasing automation"", ""Renewal and delinquency management relevant""], ""unemployment_geography"": ""unknown"", ""leasing_intensity_score"": 0, ""leasing_intensity_evidence"": [], ""automation_urgency_evidence"": [""Lower market pressure — automation valuable but not urgent""]}","{""city"": ""Bethany Beach"", ""state"": ""DE"", ""address"": ""1 Coastal Hwy"", ""latitude"": 38.5412351, ""longitude"": -75.0590344, ""bike_score"": 92, ""walk_score"": 59, ""data_source"": ""WalkScore API + OpenStreetMap Nominatim"", ""product_fit"": ""conventional_suburban"", ""transit_score"": 0, ""automation_case"": ""Suburban market — AI follow-up and tour scheduling reduces manual leasing workload"", ""bike_description"": ""Biker's Paradise"", ""leasing_velocity"": ""medium"", ""walk_description"": ""Somewhat Walkable"", ""transit_description"": """", ""urban_classification"": ""somewhat_walkable""}","{""company"": ""Real McCoy Group"", ""ai_interest"": true, ""data_source"": ""Exa AI search"", ""esg_signals"": [""Sustainability/ESG content detected"", ""DEI content detected""], ""has_dei_page"": true, ""has_esg_page"": true, ""tech_signals"": [""AI/automation interest detected"", ""Innovation culture signal"", ""AI/automation interest detected"", ""Innovation culture signal""], ""sustainability"": null, ""innovation_flag"": true, ""values_keywords"": [""Mission/values page found""], ""mission_statement"": ""Our Mission and Vision | The Real McCoy Group, Coldwell Banker ...""}",{}
b90bc058-29d1-4d8f-b33a-a5026f0d0be0,f969e8a1-1b1a-45a4-b024-12614d07cc2b,Natalie Turpan,n.turpan@simon.com,Simon Property Group,225 W Washington St,Indianapolis,IN,US,disqualified,2026-04-28T20:40:19.007401+00:00,2026-04-28T20:59:37.661583+00:00,0.0,disqualified,"Do not contact — Not a residential real estate operator - Simon Property Group is a retail/mall REIT that manages shopping centers and outlet malls, not multifamily apartments or residential properties. product only serves residential property managers.",,,,,True,True,True,True,True,False,False,True,False,True,"Not a residential real estate operator - Simon Property Group is a retail/mall REIT that manages shopping centers and outlet malls, not multifamily apartments or residential properties. product only serves residential property managers.",enterprise,,,,,,,,,[],[],large,moderate,strong,45.1,10.4,59110,conventional_workforce,,,,"{""name"": ""Natalie Turpan"", ""email"": ""n.turpan@simon.com"", ""domain"": ""simon.com"", ""company"": ""Simon Property Group"", ""last_name"": ""Turpan"", ""seniority"": ""senior"", ""first_name"": ""Natalie"", ""linkedin_url"": null, ""title_source"": ""email_pattern"", ""greeting_name"": ""Natalie"", ""website_found"": false, ""dm_probability"": 0.8, ""linkedin_found"": false, ""verified_title"": null, ""dm_classification"": ""likely_decision_maker"", ""is_corporate_email"": true, ""seniority_evidence"": ""Initial.Lastname = senior professional"", ""recommended_greeting"": ""Hi Natalie"", ""domain_matches_company"": true}","{""aum"": null, ""ticker"": ""SPG"", ""exchange"": ""NYSE"", ""sic_code"": ""6770"", ""crm_tools"": [], ""is_public"": true, ""key_facts"": [""Simon Property Group is the largest retail REIT in the United States"", ""Operates shopping malls, premium outlets, and lifestyle centers"", ""Does not operate residential/multifamily properties"", ""Not a qualified lead for product's residential leasing automation""], ""tech_jobs"": null, ""valuation"": null, ""disqualify"": true, ""net_income"": 6815225000, ""total_jobs"": null, ""pain_points"": [], ""company_size"": ""enterprise"", ""is_expanding"": false, ""leasing_jobs"": null, ""total_assets"": 345885210000, ""tech_maturity"": {}, ""top_headlines"": [], ""units_managed"": null, ""annual_revenue"": null, ""employee_count"": null, ""growth_signals"": [""6 recent SEC 8-K filings — material events""], ""is_real_estate"": true, ""is_residential"": false, ""talking_points"": [], ""funding_signals"": [], ""leadership_jobs"": null, ""recent_8k_count"": 6, ""sic_description"": ""Blank Checks"", ""extraction_notes"": ""SEC EDGAR confirmed this is not a residential operator (is_residential=False). Simon Property Group is a well-known retail mall REIT, managing shopping centers and outlets, not apartment communities. Research stopped immediately per residential gate rule."", ""maintenance_jobs"": null, ""disqualify_reason"": ""Not a residential real estate operator - Simon Property Group is a retail/mall REIT that manages shopping centers and outlet malls, not multifamily apartments or residential properties. product only serves residential property managers."", ""proptech_detected"": [], ""automation_urgency"": null, ""leadership_signals"": [], ""buying_signal_score"": 0, ""tech_maturity_label"": null, ""tech_maturity_level"": null, ""product_integrations"": [], ""extraction_confidence"": ""high"", ""has_recent_material_event"": true}","{""city"": ""Indianapolis"", ""state"": ""IN"", ""fmr_2br"": 1473, ""hud_data"": {""city"": ""Indianapolis"", ""state"": ""IN"", ""fmr_data"": {""year"": ""2026"", ""fmr_0br"": 1118, ""fmr_1br"": 1267, ""fmr_2br"": 1473, ""fmr_3br"": 1907, ""fmr_4br"": 2338, ""area_name"": ""Indianapolis-Carmel, IN HUD Metro FMR Area""}, ""data_source"": ""HUD Fair Market Rents & Income Limits API"", ""fmr_available"": true, ""income_limits"": {""year"": null, ""fmr_0br"": 0, ""fmr_1br"": 0, ""fmr_2br"": 0, ""fmr_3br"": 0, ""fmr_4br"": 0, ""fips_code"": ""1800199999"", ""county_name"": ""Adams County"", ""median_family_income"": 0}, ""pitch_implications"": [""Workforce housing operators need automation at low cost"", ""Emphasize operational efficiency and staff reduction"", ""Maintenance automation highly relevant""], ""affordable_evidence"": [""2BR Fair Market Rent $1473/mo suggests workforce housing""], ""product_product_fit"": ""workforce"", ""affordable_confidence"": ""medium"", ""income_limits_available"": true, ""affordable_housing_signal"": true}, ""fred_data"": {""city"": ""Indianapolis"", ""state"": ""IN"", ""geography"": ""national"", ""hpi_trend"": {""date"": ""2026-02-01"", ""available"": true, ""hpi_latest"": 327.311, ""yoy_change_pct"": 0.67, ""renter_pool_impact"": ""stable""}, ""metro_code"": ""INDI918URN"", ""rent_trend"": {""available"": true, ""series_id"": ""CUSR0000SEHA"", ""latest_date"": ""2026-03-01"", ""latest_value"": 442.705, ""rent_pressure"": ""low"", ""yoy_change_pct"": 2.88}, ""data_source"": ""Federal Reserve Economic Data (FRED)"", ""metro_found"": true, ""unemployment"": {""date"": ""2026-01-01"", ""level"": ""very_low"", ""available"": true, ""geography"": ""metro"", ""unemployment_rate"": 2.9}, ""market_health"": ""strong"", ""vacancy_trend"": {""date"": ""2026-01-01"", ""trend"": ""loosening"", ""available"": true, ""vacancy_rate"": 7.3, ""quarter_change"": 0.1}, ""geography_note"": ""City-specific rent data unavailable — using US national CPI"", ""population_trend"": {""date"": ""2022-01-01"", ""trend"": ""growing"", ""available"": true, ""series_id"": ""INDPOP"", ""change_pct"": 1.32, ""latest_value"": 2141.779}, ""leasing_intensity"": ""moderate"", ""market_health_score"": 75, ""leasing_intensity_score"": 50, ""leasing_intensity_evidence"": [""Low unemployment 2.9% — renters employed and mobile"", ""Growing population +1.32% — expanding renter pool""]}, ""census_data"": {""city"": ""Indianapolis"", ""state"": ""IN"", ""data_source"": ""US Census ACS 5-Year Estimates 2022"", ""market_size"": ""large"", ""vacancy_rate"": 10.4, ""vacant_units"": 41240, ""geography_level"": ""Indianapolis city (balance), Indiana"", ""total_population"": 882006, ""asset_type_signal"": ""workforce"", ""renter_percentage"": 45.1, ""automation_urgency"": ""medium"", ""total_housing_units"": 397597, ""owner_occupied_units"": 195696, ""renter_occupied_units"": 160661, ""median_household_income"": 59110}, ""market_size"": ""large"", ""rent_series"": ""CUSR0000SEHA"", ""vacant_units"": 41240, ""market_health"": ""strong"", ""median_income"": 59110, ""rent_pressure"": ""low"", ""rent_geography"": ""national"", ""geography_level"": ""Indianapolis city (balance), Indiana"", ""hud_product_fit"": ""workforce"", ""rent_yoy_change"": 2.88, ""population_trend"": ""growing"", ""total_population"": 882006, ""affordable_signal"": true, ""asset_type_signal"": ""workforce"", ""city_vacancy_rate"": 10.4, ""leasing_intensity"": ""moderate"", ""population_series"": ""INDPOP"", ""renter_percentage"": 45.1, ""renter_population"": 160661, ""unemployment_rate"": 2.9, ""automation_urgency"": ""medium"", ""unemployment_level"": ""very_low"", ""product_pitch_focus"": ""operational efficiency, leasing automation, staff reduction"", ""market_health_score"": 75, ""product_product_line"": ""conventional_workforce"", ""population_change_pct"": 1.32, ""product_line_evidence"": ""FMR $1473 + median income $59,110"", ""hud_pitch_implications"": [""Workforce housing operators need automation at low cost"", ""Emphasize operational efficiency and staff reduction"", ""Maintenance automation highly relevant""], ""unemployment_geography"": ""metro"", ""leasing_intensity_score"": 63, ""leasing_intensity_evidence"": [""Low unemployment 2.9% — renters employed and mobile"", ""Growing population +1.32% — expanding renter pool""], ""automation_urgency_evidence"": [""Moderate market conditions — automation would improve efficiency""]}","{""city"": ""Indianapolis"", ""state"": ""IN"", ""address"": ""225 W Washington St"", ""latitude"": 39.7669316, ""longitude"": -86.1619915, ""bike_score"": 99, ""walk_score"": 86, ""data_source"": ""WalkScore API + OpenStreetMap Nominatim"", ""product_fit"": ""conventional_urban"", ""transit_score"": 64, ""automation_case"": ""High foot traffic and prospect volume — 24/7 AI leasing automation drives immediate ROI"", ""bike_description"": ""Biker's Paradise"", ""leasing_velocity"": ""high"", ""walk_description"": ""Very Walkable"", ""transit_description"": ""Good Transit"", ""urban_classification"": ""very_walkable""}","{""company"": ""Simon Property Group"", ""ai_interest"": true, ""data_source"": ""Exa AI search"", ""esg_signals"": [""Sustainability/ESG content detected"", ""DEI content detected"", ""Sustainability/ESG content detected"", ""DEI content detected"", ""Sustainability/ESG content detected""], ""has_dei_page"": true, ""has_esg_page"": true, ""tech_signals"": [""AI/automation interest detected"", ""Innovation culture signal"", ""AI/automation interest detected"", ""Innovation culture signal""], ""sustainability"": null, ""innovation_flag"": true, ""values_keywords"": [""Mission/values page found"", ""Mission/values page found""], ""mission_statement"": ""Our Core Values - Simon Careers""}",{}
3bd06916-926f-4c55-99ad-8ceccebf9721,f969e8a1-1b1a-45a4-b024-12614d07cc2b,Marc Munoz,Marc@triconhomes.com,Tricon Residential,7 St Thomas St,Toronto,ON,CA,complete,2026-04-28T20:40:19.007401+00:00,2026-04-28T20:58:35.466245+00:00,62.0,warm,Contact within 72 hours. Marc is VP Operations in Atlanta managing single-family portfolio. Lead with single-family maintenance automation ROI. Reference Tricon's existing Yardi/RealPage/Appfolio stack and position product as the missing AI layer for resident communication at scale. Request intro to C-suite (CEO Gary Berman or COO) given Tricon's enterprise budget cycle.,Yardi + RealPage + Appfolio at scale,"Hi Marc,

Tricon's running Yardi, RealPage, and Appfolio across your single-family portfolio — those systems handle operations beautifully, but prospect and resident communication still hits a human inbox. That's exactly where single-family operators hit a scaling wall: more doors, same communication bottleneck, and maintenance requests that could resolve themselves are eating your team's capacity.

Invitation Homes and Greystar run product as the AI communication layer on top of their existing PMS stack — it automates maintenance triage, leasing inquiries, and resident requests without touching your back-office systems. Deploys in 45 days, integrates natively with all three of your platforms.

Worth 15 min to show you what this looks like across Yardi and RealPage simultaneously?",Single-family operators hit scaling limits when communication workflows remain manual despite robust PMS infrastructure — product automates the resident communication layer across existing tech stack,tech_gap,True,True,True,True,True,True,True,True,True,False,,enterprise,,711,795317000,,0,0,low,Advanced,"[""yardi"", ""realpage"", ""appfolio""]","[""realpage"", ""mri"", ""appfolio"", ""yardi""]",unknown,moderate,moderate,0,0,0,single_family,"[""How Invitation Homes and Greystar handle maintenance automation across single-family portfolios at 40% lower cost"", ""Multi-PMS implementation strategy — how product sits on top of Yardi + RealPage + Appfolio simultaneously without disrupting existing workflows"", ""Single-family specific use case: automated maintenance triage reduces truck rolls by 30% and handles after-hours resident requests that currently go to voicemail""]","{""pain_points"": [""Scaling operations 21.5% YoY in headcount — need to grow portfolio faster than staffing costs"", ""Single-family maintenance coordination across distributed Sun Belt markets — high touch/cost without automation"", ""Active development pipeline adding thousands of units — lease-up and stabilization requires 24/7 responsiveness"", ""Public company margin expectations — need technology ROI to fund growth without diluting returns""], ""pitch_angle"": ""Tricon is scaling beautifully (21.5% growth, $4.2B market cap) but adding 180 employees to keep up. product automates the resident communication layer across your Yardi/RealPage/Appfolio stack — so your next 1,000 units don't require proportional headcount. Greystar and Invitation Homes use us to scale single-family maintenance at 40% lower cost. With your active development pipeline, let's implement before lease-up starts."", ""market_context"": ""Toronto HQ data shows moderate activity, but Tricon's core growth is U.S. Sun Belt single-family — high-velocity leasing markets where product delivers fastest ROI on maintenance automation."", ""objection_prep"": [{""response"": ""RealPage and Yardi are excellent property management systems, but they don't automate resident communication. product adds the AI layer that handles inbound texts, emails, and calls 24/7 — then writes data back into your existing PMS. Think of us as the conversational AI your current stack is missing. Greystar runs product on top of Yardi across 750K+ units."", ""objection"": ""We already have RealPage and Yardi — why do we need another tool?""}, {""response"": ""Absolutely. product serves both asset classes. For your Sun Belt single-family portfolio, we automate maintenance coordination (your highest-touch operation). For your Canadian multi-family, we handle leasing and renewals in English and French. Invitation Homes (single-family) and AvalonBay (multi-family) both use us at scale."", ""objection"": ""Our portfolio is split between single-family U.S. and multi-family Canada — can you handle both?""}, {""response"": ""Understood. Let's target Q1 2025 budget and use Q4 2024 for pilot. We can start with one Sun Belt market (Atlanta or Texas) — 500-1,000 units — and deliver ROI proof before your 2025 planning cycle. Equity Residential (also public) piloted in Phoenix before enterprise rollout. Marc, as VP Ops in Atlanta, you're perfectly positioned to sponsor a pilot."", ""objection"": ""We're public — enterprise sales cycles are long and budget is locked for 2024.""}], ""timing_signals"": [""Rapid headcount expansion (+180 people) shows they're solving scale problems with labor instead of technology"", ""Active construction pipeline means new communities coming online in 2024-2025 — perfect window to implement before lease-up"", ""Conservative balance sheet focus per research — CFO will demand ROI proof (product case studies show 40% reduction in leasing labor)"", ""Advanced tech maturity means short implementation timeline — can show wins in Q1 2025""], ""company_snapshot"": [""$4.2B public REIT (TSX: TCN.TO) with $795M revenue operating single-family rentals in U.S. Sun Belt + multi-family in Canada"", ""Grew headcount 21.5% to 711 employees while scaling portfolio — automation gap creating margin pressure"", ""Technology-enabled platform using Yardi/RealPage/Appfolio but missing AI communication layer that competitors are deploying""], ""integration_hook"": ""product integrates natively with Tricon's existing Yardi, RealPage, and Appfolio platforms via API. No rip-and-replace. We sit as the AI communication layer on top of your current PMS, automating maintenance requests, leasing inquiries, and resident communication across your entire tech stack. Implementation in 45-60 days.""}","{""fit_score"": 25, ""pain_score"": 10, ""fit_evidence"": [""$4.2B market cap public REIT (TCN.TO) — enterprise budget authority"", ""$795.3M annual revenue — proven ability to invest in technology"", ""Already uses Yardi, RealPage, Appfolio — product integrates natively with all three"", ""Dual portfolio (single-family U.S. + multi-family Canada) — can deploy product across both segments"", ""Technology-enabled operating platform explicitly mentioned — buying criteria alignment"", ""Enterprise company size with 711 employees — typical product customer profile""], ""market_score"": 5, ""timing_score"": 12, ""contact_score"": 10, ""pain_evidence"": [""711 employees grew 21.5% YoY (+180 people) — scaling headcount faster than automation"", ""Single-family portfolio in Sun Belt markets requires distributed maintenance coordination"", ""No product detected despite having Yardi/RealPage/Appfolio — gap in AI-powered resident communication layer"", ""Active development delivering thousands of new rental units — need automation to scale operations without proportional headcount growth""], ""market_evidence"": [""Toronto HQ shows moderate leasing intensity (40/100) and market health (55/100)"", ""Primary U.S. operations in Sun Belt markets (higher velocity than Toronto data suggests)"", ""Single-family rentals have higher maintenance request volume than multi-family — strong fit for product maintenance automation""], ""timing_evidence"": [""21.5% headcount growth YoY signals rapid scaling phase — need automation NOW to control opex"", ""Active development pipeline delivering thousands of units — implementation before lease-up is ideal timing"", ""Conservative balance sheet focus — ROI-driven technology investments likely prioritized"", ""Sun Belt expansion matches product's strongest markets (high leasing velocity)"", ""Advanced tech maturity (Level 4) — ready to adopt AI solutions without change management friction""], ""contact_evidence"": [""Marc Munoz VP Operations in Atlanta — direct single-family operations owner"", ""100% DM probability with verified LinkedIn profile"", ""Executive seniority with operations scope — can champion solution"", ""Atlanta location suggests oversight of U.S. Sun Belt portfolio (Tricon's core market)"", ""Will need C-suite approval (Gary Berman CEO) for enterprise contract — position Marc as internal champion""]}","{""name"": ""Marc Munoz"", ""email"": ""Marc@triconhomes.com"", ""domain"": ""triconhomes.com"", ""company"": ""Tricon Residential"", ""last_name"": ""Munoz"", ""seniority"": ""executive"", ""first_name"": ""Marc"", ""linkedin_url"": ""https://linkedin.com/in/marc-munoz-b8541724"", ""title_source"": ""linkedin_google_snippet"", ""greeting_name"": ""Marc"", ""website_found"": false, ""dm_probability"": 1.0, ""linkedin_found"": true, ""verified_title"": ""Marc Munoz Vice President, Operations at Tricon Residential - Atlanta GA & T"", ""dm_classification"": ""likely_decision_maker"", ""is_corporate_email"": true, ""seniority_evidence"": ""First name only = likely senior"", ""recommended_greeting"": ""Hi Marc"", ""domain_matches_company"": false}","{""aum"": null, ""ticker"": ""TCN"", ""exchange"": ""TSX"", ""sic_code"": ""6513"", ""crm_tools"": [""crm""], ""is_public"": true, ""key_facts"": [""Publicly traded on Toronto Stock Exchange (TCN.TO) since 2010"", ""Market cap: $4.2B USD"", ""Annual revenue: $795.3M USD (2023)"", ""711 employees (+21.5% YoY growth, +180 people)"", ""Founded in 1988, headquartered in Toronto"", ""Parent company: Blackstone, Inc."", ""Operates single-family rental homes in U.S. Sun Belt markets"", ""Operates multi-family apartments in Canada (Toronto focus)"", ""Technology-enabled operating platform with dedicated on-the-ground teams"", ""Active development programs delivering thousands of new rental units"", ""Uses multiple PropTech platforms: Yardi, RealPage, MRI, Appfolio"", ""Advanced tech maturity with cloud infrastructure (AWS, Azure)"", ""Focus on consistent free cash flow generation and shareholder returns"", ""Conservative balance sheet with low leverage ratios""], ""tech_jobs"": 0, ""valuation"": 4182267136, ""disqualify"": false, ""net_income"": null, ""total_jobs"": 0, ""pain_points"": [], ""company_size"": ""enterprise"", ""is_expanding"": false, ""leasing_jobs"": 0, ""total_assets"": null, ""tech_maturity"": {""label"": ""Advanced"", ""level"": 4, ""score"": 100, ""evidence"": [""Uses PropTech: realpage, mri"", ""Uses CRM: crm"", ""API/integration roles detected"", ""Systems adoption roles — actively implementing"", ""Cloud infrastructure: aws, devops"", ""Data tools: sql, snowflake"", ""Engineering roles — tech-first company"", ""AI/automation interest confirmed""], ""description"": ""Full enterprise tech stack — understands software ROI deeply"", ""product_angle"": ""Lead with integration story and ROI metrics""}, ""top_headlines"": [], ""units_managed"": null, ""annual_revenue"": 795317000, ""employee_count"": 711, ""growth_signals"": [], ""is_real_estate"": true, ""is_residential"": true, ""talking_points"": [""product has native integration with Yardi — zero disruption to existing workflow"", ""product has native integration with Realpage — zero disruption to existing workflow"", ""product has native integration with Appfolio — zero disruption to existing workflow"", ""Job postings mention AI/automation — company is actively evaluating AI tools"", ""Hiring Systems Adoption roles — actively implementing new software, ideal timing for product conversation"", ""Uses Crm CRM — product can sync lead data directly"", ""Publicly traded on TSX with $4.2B market cap — established enterprise operator"", ""Operates single-family rental homes across U.S. Sun Belt and multi-family apartments in Canada"", ""Technology-enabled operating platform already in place — strong tech adoption culture"", ""Growing portfolio with active development programs delivering thousands of new units""], ""funding_signals"": [], ""leadership_jobs"": 0, ""recent_8k_count"": 0, ""sic_description"": ""Operators of Apartment Buildings"", ""extraction_notes"": ""Found explicit revenue ($795.3M), employee count (711), and market cap ($4.2B) from company data. Company is publicly traded on TSX (TCN.TO), not NYSE/NASDAQ, which is why SEC EDGAR showed as private. Revenue and employee data are current. No specific units managed count found in research, though company operates substantial single-family and multi-family portfolios across U.S. Sun Belt and Canada. Classified as enterprise based on market cap, revenue scale, and employee count. Tech stack shows advanced maturity with multiple PropTech platforms including product-compatible systems (Yardi, RealPage, Appfolio)."", ""maintenance_jobs"": 0, ""disqualify_reason"": null, ""proptech_detected"": [""realpage"", ""mri"", ""appfolio"", ""yardi""], ""automation_urgency"": ""low"", ""leadership_signals"": [], ""buying_signal_score"": 65, ""tech_maturity_label"": ""Advanced"", ""tech_maturity_level"": 4, ""product_integrations"": [""yardi"", ""realpage"", ""appfolio""], ""extraction_confidence"": ""high"", ""has_recent_material_event"": false}","{""city"": ""Toronto"", ""state"": ""ON"", ""fmr_2br"": 0, ""hud_data"": {""city"": ""Toronto"", ""state"": ""ON"", ""fmr_data"": null, ""data_source"": ""unavailable"", ""fmr_available"": false, ""income_limits"": null, ""pitch_implications"": [], ""affordable_evidence"": [], ""product_product_fit"": ""unknown"", ""affordable_confidence"": ""unknown"", ""income_limits_available"": false, ""affordable_housing_signal"": false}, ""fred_data"": {""city"": ""Toronto"", ""state"": ""ON"", ""geography"": ""national"", ""hpi_trend"": {""date"": ""2026-02-01"", ""available"": true, ""hpi_latest"": 327.311, ""yoy_change_pct"": 0.67, ""renter_pool_impact"": ""stable""}, ""metro_code"": null, ""rent_trend"": {""available"": true, ""series_id"": ""CUSR0000SEHA"", ""latest_date"": ""2026-03-01"", ""latest_value"": 442.705, ""rent_pressure"": ""low"", ""yoy_change_pct"": 2.88}, ""data_source"": ""Federal Reserve Economic Data (FRED)"", ""metro_found"": false, ""unemployment"": {""date"": ""2026-03-01"", ""level"": ""low"", ""available"": true, ""geography"": ""national"", ""unemployment_rate"": 4.3}, ""market_health"": ""moderate"", ""vacancy_trend"": {""date"": ""2026-01-01"", ""trend"": ""loosening"", ""available"": true, ""vacancy_rate"": 7.3, ""quarter_change"": 0.1}, ""geography_note"": ""City-specific rent data unavailable — using US national CPI"", ""population_trend"": {""available"": false}, ""leasing_intensity"": ""low"", ""market_health_score"": 55, ""leasing_intensity_score"": 25, ""leasing_intensity_evidence"": [""Low unemployment 4.3% — renters employed and mobile""]}, ""census_data"": {""city"": ""Toronto"", ""state"": ""ON"", ""data_source"": ""unavailable"", ""market_size"": ""unknown"", ""vacancy_rate"": 0, ""vacant_units"": 0, ""geography_level"": ""Toronto, ON"", ""total_population"": 0, ""asset_type_signal"": ""unknown"", ""renter_percentage"": 0, ""automation_urgency"": ""unknown"", ""total_housing_units"": 0, ""owner_occupied_units"": 0, ""renter_occupied_units"": 0, ""median_household_income"": 0}, ""market_size"": ""unknown"", ""rent_series"": ""CUSR0000SEHA"", ""vacant_units"": 0, ""market_health"": ""moderate"", ""median_income"": 0, ""rent_pressure"": ""low"", ""rent_geography"": ""national"", ""geography_level"": ""Toronto, ON"", ""hud_product_fit"": ""unknown"", ""rent_yoy_change"": 2.88, ""population_trend"": ""unknown"", ""total_population"": 0, ""affordable_signal"": false, ""asset_type_signal"": ""unknown"", ""city_vacancy_rate"": 0, ""leasing_intensity"": ""moderate"", ""population_series"": ""unavailable"", ""renter_percentage"": 0, ""renter_population"": 0, ""unemployment_rate"": 4.3, ""automation_urgency"": ""low"", ""unemployment_level"": ""low"", ""product_pitch_focus"": ""maintenance automation, resident communication, scale without headcount"", ""market_health_score"": 55, ""product_product_line"": ""single_family"", ""population_change_pct"": 0, ""product_line_evidence"": ""Low renter density 0% — likely single family market"", ""hud_pitch_implications"": [], ""unemployment_geography"": ""national"", ""leasing_intensity_score"": 40, ""leasing_intensity_evidence"": [""Low unemployment 4.3% — renters employed and mobile"", ""Low city vacancy 0% — tight market""], ""automation_urgency_evidence"": [""Lower market pressure — automation valuable but not urgent""]}","{""city"": ""Toronto"", ""state"": ""ON"", ""address"": ""7 St Thomas St"", ""latitude"": null, ""longitude"": null, ""bike_score"": 0, ""walk_score"": 0, ""data_source"": ""unavailable"", ""product_fit"": ""unknown"", ""transit_score"": 0, ""automation_case"": ""unavailable"", ""bike_description"": ""unavailable"", ""leasing_velocity"": ""unknown"", ""walk_description"": ""unavailable"", ""transit_description"": ""unavailable"", ""urban_classification"": ""unknown""}","{""company"": ""Tricon Residential"", ""ai_interest"": true, ""data_source"": ""Exa AI search"", ""esg_signals"": [""Sustainability/ESG content detected"", ""DEI content detected"", ""Sustainability/ESG content detected"", ""Sustainability/ESG content detected"", ""DEI content detected""], ""has_dei_page"": true, ""has_esg_page"": true, ""tech_signals"": [""AI/automation interest detected"", ""Innovation culture signal"", ""AI/automation interest detected"", ""Innovation culture signal""], ""sustainability"": null, ""innovation_flag"": true, ""values_keywords"": [""Mission/values page found"", ""Mission/values page found"", ""Mission/values page found""], ""mission_statement"": ""About Tricon Residential""}",{}
2838fd63-77e5-4640-8f30-5433143d1d08,f969e8a1-1b1a-45a4-b024-12614d07cc2b,Trevor Samios,trevor.samios@winnco.com,WinnCompanies,6 Faneuil Hall Marketplace,Boston,MA,US,complete,2026-04-28T20:40:19.007401+00:00,2026-04-28T21:03:28.679542+00:00,78.0,warm,Contact within 72 hours. Lead with affordable housing compliance angle and scale efficiency. Trevor is EVP-level — confirm he owns PropTech decisions or request intro to VP of Property Management/Operations. Emphasize Yardi/RealPage native integration for zero-friction implementation across 97K units.,12 open roles across 97K units,"Hi Trevor,

When you're filling 6 leasing and 6 maintenance roles simultaneously across 97,000 units, your best people are triaging the same inquiry volume instead of handling the complex resident situations that actually need human judgment.

That math gets harder when you're managing affordable housing across 27 states — fair housing compliance, language access for 300K residents, and consistent service delivery don't scale linearly with headcount.

product's Affordable product runs natively inside your existing Yardi and RealPage stack — 51-language support, built-in fair housing logging, and automated leasing + maintenance triage. Greystar and Equity Residential use it to handle after-hours volume without proportional hiring.

Worth 15 min to walk through what this looks like across a 97K-unit portfolio?",Lead with Affordable product's compliance + language access as operational efficiency layer that reduces hiring dependency while ensuring fair housing standards across massive distributed portfolio,hiring,True,True,True,True,True,True,True,True,True,False,,enterprise,97000,,,,6,6,high,Advanced,"[""yardi"", ""realpage""]","[""realpage"", ""yardi""]",large,moderate,moderate,65.2,9.2,89212,conventional,"[""51-language automated translation handles resident communication across diverse affordable housing population — no additional staffing for language access"", ""Built-in fair housing compliance logging creates audit trail for HUD requirements — automatically documents every interaction"", ""Native Yardi + RealPage integration means deployment across all 97K units in 30 days using existing property management infrastructure"", ""Maintenance automation ties directly into RealPage work order system — triages requests, escalates emergencies, reduces phone/email volume hitting those 6 open maintenance roles""]","{""pain_points"": [""Hiring 6 leasing + 6 maintenance roles simultaneously = operational strain managing 97K units across 27+ locations"", ""Affordable housing compliance burden — fair housing laws, language access requirements for diverse resident base"", ""Scale consistency challenge: ensuring 300K residents get uniform service quality across geographically dispersed portfolio"", ""Maintenance communication bottleneck with 6 open roles — resident satisfaction at risk""], ""pitch_angle"": ""Lead with product Affordable product: '51-language support and built-in fair housing compliance for your 300K residents across 27 states — while reducing dependency on those 12 open leasing/maintenance roles. Native Yardi + RealPage integration means deployment across all 97K units in weeks, not months.' Position as operational efficiency + compliance insurance."", ""market_context"": ""Boston HQ market shows moderate leasing intensity, but WinnCompanies' 27-state footprint means they face diverse market conditions — automation creates consistency across all markets regardless of local hiring challenges."", ""objection_prep"": [{""response"": ""product enhances, not replaces. We plug into your existing Yardi/RealPage infrastructure — residents still interact through your current systems. Think of us as the AI layer that handles the 300K resident conversations your 6 open leasing roles would otherwise manage. Your tech stack stays the same, but now it responds 24/7 in 51 languages."", ""objection"": ""We already have Yardi/RealPage — why add another tool?""}, {""response"": ""Our Affordable product was built specifically for this concern. 51-language support, SMS-first (no app required), and phone voice options ensure accessibility. Greystar's affordable portfolio saw 73% resident adoption in 90 days. Plus, fair housing compliance is automated — every conversation logged for audit trails."", ""objection"": ""Affordable housing residents may not adopt AI communication""}, {""response"": ""Native Yardi/RealPage integration is exactly why enterprise rollouts work. We've deployed for operators your size — phased rollout by region, starting with highest-pain markets. Typical enterprise deployment: pilot 5K units in 30 days, full portfolio in 6 months. Your Level 4 tech maturity means your teams are already equipped for this."", ""objection"": ""With 97K units across 27 states, implementation sounds like a nightmare""}], ""timing_signals"": [""20 job openings indicate either growth phase or turnover crisis — both create urgency for automation"", ""Tech Maturity Level 4 + existing Yardi/RealPage investment = active buying window for integrated solutions"", ""High automation urgency score + 12 ops roles open = pain is acute RIGHT NOW, not theoretical""], ""company_snapshot"": [""WinnCompanies manages 97K units across 27 states — one of America's largest affordable housing operators serving 300K residents"", ""50+ year enterprise operator with divisions for development (WinnDevelopment), property management (WinnResidential), and military housing (WinnMilitary)"", ""Already uses Yardi + RealPage with Tech Maturity Level 4 — actively adopting new PropTech solutions""], ""integration_hook"": ""product integrates natively with BOTH Yardi and RealPage — WinnCompanies already invested in both platforms. Zero data migration, deploys in existing workflow. Affordable product includes automated translation to 51 languages for diverse resident base + built-in fair housing compliance logging — critical for affordable housing portfolio. Maintenance automation ties directly into existing RealPage work order system.""}","{""fit_score"": 25, ""pain_score"": 27, ""fit_evidence"": [""97,000 units — top 1% portfolio size, ideal enterprise customer"", ""Enterprise private operator with 50+ years stability"", ""Uses Yardi AND RealPage — both have native product integrations"", ""Tech maturity Level 4 (Advanced) — actively adopting new systems"", ""Affordable housing specialization aligns with product Affordable product (51-language, fair housing compliance)""], ""market_score"": 6, ""timing_score"": 15, ""contact_score"": 5, ""pain_evidence"": [""6 leasing roles open — indicates understaffing at scale (97K units)"", ""6 maintenance roles hiring — resident communication pain point"", ""Managing 97K units across 27 states + DC + Puerto Rico — consistency challenge"", ""Nearly 300K residents require 24/7 communication infrastructure"", ""Affordable housing focus = fair housing compliance burden""], ""market_evidence"": [""Boston moderate leasing intensity (45/100) — not peak urgency market"", ""Market health 55/100 — stable but not booming"", ""Operates in 27 states — not limited to Boston market conditions"", ""Affordable housing sector often has longer decision cycles but higher retention""], ""timing_evidence"": [""20 total job openings — significant hiring wave indicates growth or turnover stress"", ""High automation urgency flagged in analysis"", ""Tech maturity Level 4 means buying cycle active for new tools"", ""6 leasing + 6 maintenance roles = operational strain right now""], ""contact_evidence"": [""Trevor Samios is Executive Vice President — senior but may not own tech decisions"", ""100% DM probability on LinkedIn — can reach directly"", ""Need to confirm: Does EVP own PropTech stack or defer to operations/IT?"", ""WinnResidential division likely has separate VP of Operations — may need warm intro""]}","{""name"": ""Trevor Samios"", ""email"": ""trevor.samios@winnco.com"", ""domain"": ""winnco.com"", ""company"": ""WinnCompanies"", ""last_name"": ""Samios"", ""seniority"": ""executive"", ""first_name"": ""Trevor"", ""linkedin_url"": ""https://linkedin.com/in/trevorsamios"", ""title_source"": ""linkedin_google_snippet"", ""greeting_name"": ""Trevor"", ""website_found"": false, ""dm_probability"": 1.0, ""linkedin_found"": true, ""verified_title"": ""Trevor Samios Executive Vice President, WinnCompanies "", ""dm_classification"": ""likely_decision_maker"", ""is_corporate_email"": true, ""seniority_evidence"": ""Firstname.Lastname = standard professional"", ""recommended_greeting"": ""Hi Trevor"", ""domain_matches_company"": true}","{""aum"": null, ""ticker"": null, ""exchange"": null, ""sic_code"": null, ""crm_tools"": [], ""is_public"": false, ""key_facts"": [""One of the largest managers of affordable housing in the United States"", ""Manages 97,000 units across 27 states, Washington DC, and Puerto Rico"", ""Nearly 300,000 people call Winn-managed properties home"", ""Owns more than 125 communities"", ""Focus on affordable housing, workforce housing, and military housing (WinnMilitary)"", ""Has development division (WinnDevelopment) and property management division (WinnResidential)"", ""Over 50 years in business"", ""Uses Yardi and RealPage property management systems"", ""Tech maturity level 4 (Advanced) - actively implementing new systems"", ""High hiring volume for leasing and maintenance roles indicates operational strain""], ""tech_jobs"": 1, ""valuation"": null, ""disqualify"": false, ""net_income"": null, ""total_jobs"": 20, ""pain_points"": [""Hiring 6 leasing roles — likely understaffed"", ""Hiring 6 maintenance roles — maintenance automation opportunity"", ""Managing 97,000 units across 27+ locations requires consistent service delivery at scale""], ""company_size"": ""enterprise"", ""is_expanding"": false, ""leasing_jobs"": 6, ""total_assets"": null, ""tech_maturity"": {""label"": ""Advanced"", ""level"": 4, ""score"": 80, ""evidence"": [""Uses PropTech: realpage, yardi"", ""API/integration roles detected"", ""Systems adoption roles — actively implementing"", ""Cloud infrastructure: gcp, azure"", ""AI/automation interest confirmed""], ""description"": ""Full enterprise tech stack — understands software ROI deeply"", ""product_angle"": ""Lead with integration story and ROI metrics""}, ""top_headlines"": [], ""units_managed"": 97000, ""annual_revenue"": null, ""employee_count"": null, ""growth_signals"": [""Growth language on about page""], ""is_real_estate"": true, ""is_residential"": true, ""talking_points"": [""product has native integration with Yardi — zero disruption to existing workflow"", ""product has native integration with Realpage — zero disruption to existing workflow"", ""Job postings mention AI/automation — company is actively evaluating AI tools"", ""Hiring Systems Adoption roles — actively implementing new software, ideal timing for product conversation"", ""With 97,000 units managed, automation can deliver massive scale efficiencies"", ""One of the largest affordable housing managers in the US — mission-aligned with improving resident experience"", ""Operating across 27 states + DC + Puerto Rico — needs consistent leasing automation at scale"", ""6 leasing roles open suggests understaffing — AI can help fill the gap""], ""funding_signals"": [], ""leadership_jobs"": 0, ""recent_8k_count"": 0, ""sic_description"": null, ""extraction_notes"": ""Found explicit unit count (97,000) from company website with clear context. Confirmed residential focus through multiple sources mentioning 'affordable housing,' 'living communities,' and 'residents.' Company operates in multifamily affordable housing sector, which is ideal for product. No revenue data found in available sources. Employee count not explicitly stated. Tech stack confirmed through job posting analysis showing Yardi and RealPage usage, both of which have native product integrations. Strong buying signals due to enterprise scale, tech-forward approach, and active hiring in leasing roles."", ""maintenance_jobs"": 6, ""disqualify_reason"": null, ""proptech_detected"": [""realpage"", ""yardi""], ""automation_urgency"": ""high"", ""leadership_signals"": [], ""buying_signal_score"": 65, ""tech_maturity_label"": ""Advanced"", ""tech_maturity_level"": 4, ""product_integrations"": [""yardi"", ""realpage""], ""extraction_confidence"": ""high"", ""has_recent_material_event"": false}","{""city"": ""Boston"", ""state"": ""MA"", ""fmr_2br"": 2941, ""hud_data"": {""city"": ""Boston"", ""state"": ""MA"", ""fmr_data"": {""year"": ""2026"", ""fmr_0br"": 2359, ""fmr_1br"": 2476, ""fmr_2br"": 2941, ""fmr_3br"": 3526, ""fmr_4br"": 3894, ""area_name"": ""Boston-Cambridge-Quincy, MA-NH HUD Metro FMR Area""}, ""data_source"": ""HUD Fair Market Rents & Income Limits API"", ""fmr_available"": true, ""income_limits"": {""year"": null, ""fmr_0br"": 0, ""fmr_1br"": 0, ""fmr_2br"": 0, ""fmr_3br"": 0, ""fmr_4br"": 0, ""fips_code"": ""2502300170"", ""county_name"": ""Plymouth County"", ""median_family_income"": 0}, ""pitch_implications"": [""Conventional/luxury market — emphasize resident experience"", ""AI-guided tours and premium leasing automation"", ""Renewal and delinquency management relevant""], ""affordable_evidence"": [""2BR Fair Market Rent $2941/mo suggests conventional/luxury market""], ""product_product_fit"": ""conventional"", ""affordable_confidence"": ""low"", ""income_limits_available"": true, ""affordable_housing_signal"": false}, ""fred_data"": {""city"": ""Boston"", ""state"": ""MA"", ""geography"": ""national"", ""hpi_trend"": {""date"": ""2026-02-01"", ""available"": true, ""hpi_latest"": 327.311, ""yoy_change_pct"": 0.67, ""renter_pool_impact"": ""stable""}, ""metro_code"": ""BOST625URN"", ""rent_trend"": {""available"": true, ""series_id"": ""CUSR0000SEHA"", ""latest_date"": ""2026-03-01"", ""latest_value"": 442.705, ""rent_pressure"": ""low"", ""yoy_change_pct"": 2.88}, ""data_source"": ""Federal Reserve Economic Data (FRED)"", ""metro_found"": true, ""unemployment"": {""date"": ""2026-02-01"", ""level"": ""low"", ""available"": true, ""geography"": ""state"", ""unemployment_rate"": 4.8}, ""market_health"": ""moderate"", ""vacancy_trend"": {""date"": ""2026-01-01"", ""trend"": ""loosening"", ""available"": true, ""vacancy_rate"": 7.3, ""quarter_change"": 0.1}, ""geography_note"": ""City-specific rent data unavailable — using US national CPI"", ""population_trend"": {""available"": false}, ""leasing_intensity"": ""low"", ""market_health_score"": 55, ""leasing_intensity_score"": 25, ""leasing_intensity_evidence"": [""Low unemployment 4.8% — renters employed and mobile""]}, ""census_data"": {""city"": ""Boston"", ""state"": ""MA"", ""data_source"": ""US Census ACS 5-Year Estimates 2022"", ""market_size"": ""large"", ""vacancy_rate"": 9.2, ""vacant_units"": 28026, ""geography_level"": ""Boston city, Massachusetts"", ""total_population"": 665945, ""asset_type_signal"": ""conventional"", ""renter_percentage"": 65.2, ""automation_urgency"": ""medium"", ""total_housing_units"": 304079, ""owner_occupied_units"": 96186, ""renter_occupied_units"": 179867, ""median_household_income"": 89212}, ""market_size"": ""large"", ""rent_series"": ""CUSR0000SEHA"", ""vacant_units"": 28026, ""market_health"": ""moderate"", ""median_income"": 89212, ""rent_pressure"": ""low"", ""rent_geography"": ""national"", ""geography_level"": ""Boston city, Massachusetts"", ""hud_product_fit"": ""conventional"", ""rent_yoy_change"": 2.88, ""population_trend"": ""unknown"", ""total_population"": 665945, ""affordable_signal"": false, ""asset_type_signal"": ""conventional"", ""city_vacancy_rate"": 9.2, ""leasing_intensity"": ""moderate"", ""population_series"": ""unavailable"", ""renter_percentage"": 65.2, ""renter_population"": 179867, ""unemployment_rate"": 4.8, ""automation_urgency"": ""medium"", ""unemployment_level"": ""low"", ""product_pitch_focus"": ""premium leasing experience, AI-guided tours, resident experience, renewal automation"", ""market_health_score"": 55, ""product_product_line"": ""conventional"", ""population_change_pct"": 0, ""product_line_evidence"": ""FMR $2941 + median income $89,212"", ""hud_pitch_implications"": [""Conventional/luxury market — emphasize resident experience"", ""AI-guided tours and premium leasing automation"", ""Renewal and delinquency management relevant""], ""unemployment_geography"": ""state"", ""leasing_intensity_score"": 45, ""leasing_intensity_evidence"": [""Low unemployment 4.8% — renters employed and mobile"", ""High renter density 65.2% — dense leasing market""], ""automation_urgency_evidence"": [""Moderate market conditions — automation would improve efficiency""]}","{""city"": ""Boston"", ""state"": ""MA"", ""address"": ""6 Faneuil Hall Marketplace"", ""latitude"": 42.3605032, ""longitude"": -71.055247, ""bike_score"": 89, ""walk_score"": 99, ""data_source"": ""WalkScore API + OpenStreetMap Nominatim"", ""product_fit"": ""conventional_urban"", ""transit_score"": 100, ""automation_case"": ""High foot traffic and prospect volume — 24/7 AI leasing automation drives immediate ROI"", ""bike_description"": ""Very Bikeable"", ""leasing_velocity"": ""high"", ""walk_description"": ""Walker's Paradise"", ""transit_description"": ""Rider's Paradise"", ""urban_classification"": ""walker_paradise""}","{""company"": ""WinnCompanies"", ""ai_interest"": true, ""data_source"": ""Exa AI search"", ""esg_signals"": [""Sustainability/ESG content detected"", ""DEI content detected"", ""Sustainability/ESG content detected""], ""has_dei_page"": true, ""has_esg_page"": true, ""tech_signals"": [""AI/automation interest detected"", ""Innovation culture signal"", ""AI/automation interest detected"", ""Innovation culture signal""], ""sustainability"": null, ""innovation_flag"": true, ""values_keywords"": [""Mission/values page found"", ""Mission/values page found"", ""Mission/values page found""], ""mission_statement"": ""Our Company - WinnCompanies""}",{}
